Gramaje,Esp.,Hum. Prom.,R/L Prom.,R/T Prom.,Blancura Lado Barrera,Blancura Lado sin Barrera,Cobb Lado Barrera Base 2,Cobb Lado sin Barrera 2,Dennison Lado sin Barrera,Tersura Sheffield Lado Barrera,Tersura Sheffield Lado sin Barrera,CBFC,CKFL,Pulpa TMP,Recorte Duplex + Area 070,SGW,SOREPA + CEL B,DKL,Encolante,Sulfato,Antiespumante,Retentor,Perform,Catiofast GM,Polymin SK
267.7,411,8.9,18.1,6.6,32.32,31,0.15,0.31,16,168,319,0,0.639333621808741,0.768931198615318,1.55235828645608,0.506274340112505,0.0346170488965816,0.146040675032453,0.00396,0.01968,0.00048,0.00025,0,0,0
260.2,415,8.7,15.7,5.8,31.51,31.5,0.16,0.31,16,162,319,0,0.639333621808741,0.768931198615318,1.55235828645608,0.506274340112505,0.0346170488965816,0.146040675032453,0.00396,0.01968,0.00048,0.00025,0,0,0
261.4,411,8.8,12.8,5.9,32.07,31.64,0.16,0.33,16,186,334,0,0.639333621808741,0.768931198615318,1.55235828645608,0.506274340112505,0.0346170488965816,0.146040675032453,0.00396,0.01968,0.00048,0.00025,0,0,0
259.3,409,9,14.8,5.9,31.15,30.95,0.13,0.33,16,166,337,0,0.639333621808741,0.768931198615318,1.55235828645608,0.506274340112505,0.0346170488965816,0.146040675032453,0.00396,0.01968,0.00048,0.00025,0,0,0
258.1,412,8.9,14,5.3,31.97,31.4,0.14,0.33,16,161,352,0,0.639333621808741,0.768931198615318,1.55235828645608,0.506274340112505,0.0346170488965816,0.146040675032453,0.00396,0.01968,0.00048,0.00025,0,0,0
258.8,410,8.7,13.2,5.4,31.78,30.88,0.14,0.33,16,172,360,0,0.639333621808741,0.768931198615318,1.55235828645608,0.506274340112505,0.0346170488965816,0.146040675032453,0.00396,0.01968,0.00048,0.00025,0,0,0
254.7,409,8.6,14.5,5.5,31.82,32.26,0.12,0.35,16,155,356,0,0.639333621808741,0.768931198615318,1.55235828645608,0.506274340112505,0.0346170488965816,0.146040675032453,0.00396,0.01968,0.00048,0.00025,0,0,0
261,405,8.7,13.1,5.5,32.17,32.58,0.12,0.35,16,184,350,0,0.639333621808741,0.768931198615318,1.55235828645608,0.506274340112505,0.0346170488965816,0.146040675032453,0.00396,0.01968,0.00048,0.00025,0,0,0
256.6,405,8.8,14.1,5.4,32.7,31.59,0.13,0.34,16,171,346,0,0.639333621808741,0.768931198615318,1.55235828645608,0.506274340112505,0.0346170488965816,0.146040675032453,0.00396,0.01968,0.00048,0.00025,0,0,0
257.3,406,8.5,13.9,5.4,32.81,31.68,0.11,0.33,16,161,342,0,0.639333621808741,0.768931198615318,1.55235828645608,0.506274340112505,0.0346170488965816,0.146040675032453,0.00396,0.01968,0.00048,0.00025,0,0,0
252.4,408,8.1,13.7,5.2,31.57,30.96,0.17,0.32,16,176,334,0,0.639333621808741,0.768931198615318,1.55235828645608,0.506274340112505,0.0346170488965816,0.146040675032453,0.00396,0.01968,0.00048,0.00025,0,0,0
256,406,8.3,13.7,5.3,32.61,30.12,0.16,0.32,16,165,331,0,0.639333621808741,0.768931198615318,1.55235828645608,0.506274340112505,0.0346170488965816,0.146040675032453,0.00396,0.01968,0.00048,0.00025,0,0,0
256.1,407,8.8,15.1,5.6,31.64,31.3,0.17,0.29,16,184,341,0,0.639333621808741,0.768931198615318,1.55235828645608,0.506274340112505,0.0346170488965816,0.146040675032453,0.00396,0.01968,0.00048,0.00025,0,0,0
256.1,408,8.5,14.9,5.6,31.53,31.26,0.16,0.28,16,181,337,0,0.639333621808741,0.768931198615318,1.55235828645608,0.506274340112505,0.0346170488965816,0.146040675032453,0.00396,0.01968,0.00048,0.00025,0,0,0
253.8,415,8.6,14.7,5.5,32.08,31.7,0.15,0.37,16,159,316,0,0.639333621808741,0.768931198615318,1.55235828645608,0.506274340112505,0.0346170488965816,0.146040675032453,0.00396,0.01968,0.00048,0.00025,0,0,0
255.8,411,8.6,14.6,5.5,32.45,31.86,0.16,0.36,16,171,321,0,0.639333621808741,0.768931198615318,1.55235828645608,0.506274340112505,0.0346170488965816,0.146040675032453,0.00396,0.01968,0.00048,0.00025,0,0,0
255.1,411,9,14.2,5.4,31.54,29.96,0.2,0.33,16,170,326,0,0.2072,0.305885714285714,0.569285714285714,0.185142857142857,0.00108571428571429,0.0535714285714286,0.0036,0.01949,0.00048,0.00025,0,0,0
253.9,413,8.9,14.4,5.6,32,29.77,0.23,0.3,16,186,322,0,0.2072,0.305885714285714,0.569285714285714,0.185142857142857,0.00108571428571429,0.0535714285714286,0.0036,0.01949,0.00048,0.00025,0,0,0
259.8,420,8.9,15,5.4,31.14,31.46,0.12,0.29,16,157,354,0,0.2072,0.305885714285714,0.569285714285714,0.185142857142857,0.00108571428571429,0.0535714285714286,0.0036,0.01949,0.00048,0.00025,0,0,0
253.9,411,8.7,14.7,5.3,31.75,31.22,0.18,0.31,16,162,360,0,0.2072,0.305885714285714,0.569285714285714,0.185142857142857,0.00108571428571429,0.0535714285714286,0.0036,0.01949,0.00048,0.00025,0,0,0
252.8,414,8.1,14.7,5.5,31.67,31.56,0.19,0.28,16,162,361,0,0.2072,0.305885714285714,0.569285714285714,0.185142857142857,0.00108571428571429,0.0535714285714286,0.0036,0.01949,0.00048,0.00025,0,0,0
250.4,408,8.6,14.7,5.3,31.83,30.59,0.18,0.29,16,158,359,0,0.2072,0.305885714285714,0.569285714285714,0.185142857142857,0.00108571428571429,0.0535714285714286,0.0036,0.01949,0.00048,0.00025,0,0,0
249.6,404,8.1,14.5,5.2,31.56,31.56,0.18,0.35,16,182,362,0,0.2072,0.305885714285714,0.569285714285714,0.185142857142857,0.00108571428571429,0.0535714285714286,0.0036,0.01949,0.00048,0.00025,0,0,0
251.1,407,8.6,14.4,5.2,32,31.06,0.17,0.33,16,184,374,0,0.2072,0.305885714285714,0.569285714285714,0.185142857142857,0.00108571428571429,0.0535714285714286,0.0036,0.01949,0.00048,0.00025,0,0,0
252.2,409,7.7,14,5.2,31.17,31.96,0.17,0.32,16,175,355,0,0.2072,0.305885714285714,0.569285714285714,0.185142857142857,0.00108571428571429,0.0535714285714286,0.0036,0.01949,0.00048,0.00025,0,0,0
250.7,405,8.2,14.2,5.3,31.76,31.56,0.19,0.35,16,178,361,0,0.2072,0.305885714285714,0.569285714285714,0.185142857142857,0.00108571428571429,0.0535714285714286,0.0036,0.01949,0.00048,0.00025,0,0,0
251.6,406,7.9,14,5.4,32,30.97,0.13,0.29,16,182,391,0,0.2072,0.305885714285714,0.569285714285714,0.185142857142857,0.00108571428571429,0.0535714285714286,0.0036,0.01949,0.00048,0.00025,0,0,0
252.3,404,8.3,14.4,5.5,32.33,31.06,0.16,0.32,16,183,385,0,0.2072,0.305885714285714,0.569285714285714,0.185142857142857,0.00108571428571429,0.0535714285714286,0.0036,0.01949,0.00048,0.00025,0,0,0
248.6,413,7.5,13.5,5.2,33.25,31.78,0.12,0.33,16,173,359,0,0.2072,0.305885714285714,0.569285714285714,0.185142857142857,0.00108571428571429,0.0535714285714286,0.0036,0.01949,0.00048,0.00025,0,0,0
251.6,414,7.9,13.8,5.3,33,31.77,0.16,0.32,16,166,348,0,0.2072,0.305885714285714,0.569285714285714,0.185142857142857,0.00108571428571429,0.0535714285714286,0.0036,0.01949,0.00048,0.00025,0,0,0
253.4,418,8.1,13.8,5.2,32.43,31.85,0.18,0.35,16,164,352,0,0.2072,0.305885714285714,0.569285714285714,0.185142857142857,0.00108571428571429,0.0535714285714286,0.0036,0.01949,0.00048,0.00025,0,0,0
249.9,401,8.2,15,6.2,32.32,32.65,0.16,0.36,16,160,350,0,0.2072,0.305885714285714,0.569285714285714,0.185142857142857,0.00108571428571429,0.0535714285714286,0.0036,0.01949,0.00048,0.00025,0,0,0
249.1,402,8.2,15.5,6.1,31.87,31.96,0.18,0.41,16,147,348,0,0.169466666666667,0.24876,0.465333333333333,0.1872,0.00106666666666667,0.036,0.00324,0.02313,0.00048,0.00025,0,0,0
251,401,8.6,15,5.8,31.9,31.86,0.18,0.31,16,157,362,0,0.169466666666667,0.24876,0.465333333333333,0.1872,0.00106666666666667,0.036,0.00324,0.02313,0.00048,0.00025,0,0,0
249.9,402,8.4,15.8,5.8,32.3,31.96,0.18,0.33,16,160,365,0,0.169466666666667,0.24876,0.465333333333333,0.1872,0.00106666666666667,0.036,0.00324,0.02313,0.00048,0.00025,0,0,0
255.4,402,8.6,16.1,6,33.13,32.53,0.27,0.33,16,152,360,0,0.169466666666667,0.24876,0.465333333333333,0.1872,0.00106666666666667,0.036,0.00324,0.02313,0.00048,0.00025,0,0,0
254.2,404,8.5,15.7,5.7,32.77,33.21,0.3,0.35,16,157,368,0,0.169466666666667,0.24876,0.465333333333333,0.1872,0.00106666666666667,0.036,0.00324,0.02313,0.00048,0.00025,0,0,0
252.1,412,8.5,11.7,5.1,32.48,28.99,0.23,0.31,16,198,325,0,0.3639,0.357,0.395,0.36,0.0015,0.09,0.00357,0.02224,0.00051,0,0.00017,0.00048,0
252.6,409,8.5,11.8,5.1,31.49,29.25,0.25,0.34,16,189,318,0,0.3639,0.357,0.395,0.36,0.0015,0.09,0.00357,0.02224,0.00051,0,0.00017,0.00048,0
251.8,411,8.6,15.8,5.7,32.36,28.66,0.22,0.32,16,201,329,0,0.3639,0.357,0.395,0.36,0.0015,0.09,0.00357,0.02224,0.00051,0,0.00017,0.00048,0
250.8,413,8.3,15.7,5.7,30.92,29.78,0.18,0.36,16,204,335,0,0.3639,0.357,0.395,0.36,0.0015,0.09,0.00357,0.02224,0.00051,0,0.00017,0.00048,0
250.3,407,8.4,15.4,5.6,30.38,29.12,0.2,0.36,16,209,339,0,0.3639,0.357,0.395,0.36,0.0015,0.09,0.00357,0.02224,0.00051,0,0.00017,0.00048,0
249.4,415,7.7,15.6,5.6,30.63,29.14,0.22,0.39,16,198,334,0,0.3639,0.357,0.395,0.36,0.0015,0.09,0.00357,0.02224,0.00051,0,0.00017,0.00048,0
253.7,414,8.4,15.7,5.7,30.91,28.97,0.2,0.38,16,189,328,0,0.3639,0.357,0.395,0.36,0.0015,0.09,0.00357,0.02224,0.00051,0,0.00017,0.00048,0
251.4,412,8.3,15.4,5.6,30.05,29.12,0.22,0.4,16,199,331,0,0.3639,0.357,0.395,0.36,0.0015,0.09,0.00357,0.02224,0.00051,0,0.00017,0.00048,0
254.7,411,8.2,15,5.4,30.69,28.3,0.21,0.39,16,194,336,0,0.3639,0.357,0.395,0.36,0.0015,0.09,0.00357,0.02224,0.00051,0,0.00017,0.00048,0
252.3,409,8.4,15.2,5.4,30.48,28.96,0.24,0.42,16,197,328,0,0.3639,0.357,0.395,0.36,0.0015,0.09,0.00357,0.02224,0.00051,0,0.00017,0.00048,0
250.2,411,8.1,15.3,5.5,30.22,28.16,0.19,0.36,16,190,336,0,0.3639,0.357,0.395,0.36,0.0015,0.09,0.00357,0.02224,0.00051,0,0.00017,0.00048,0
249.3,409,8.3,15.4,5.5,29.78,28.22,0.21,0.38,16,188,344,0,0.3639,0.357,0.395,0.36,0.0015,0.09,0.00357,0.02224,0.00051,0,0.00017,0.00048,0
250.9,409,8.2,15.2,5.5,30.29,28.33,0.23,0.4,16,187,331,0,0.3639,0.357,0.395,0.36,0.0015,0.09,0.00357,0.02224,0.00051,0,0.00017,0.00048,0
248.7,419,8.8,15.7,5.1,29.5,29.56,0.24,0.36,16,174,350,0,0.288963524989559,0.261816093554225,0.245649450090491,0.206738131699847,0.00125295837393847,0.0678685785883336,0.00358,0.02123,0.00055,0,0.00018,0.0005,0
250.1,421,8.7,16.2,5.9,30.13,30.56,0.21,0.36,16,183,327,0,0.288963524989559,0.261816093554225,0.245649450090491,0.206738131699847,0.00125295837393847,0.0678685785883336,0.00358,0.02123,0.00055,0,0.00018,0.0005,0
250,419,9,15.8,5.8,30.33,29.3,0.23,0.35,16,185,330,0,0.288963524989559,0.261816093554225,0.245649450090491,0.206738131699847,0.00125295837393847,0.0678685785883336,0.00358,0.02123,0.00055,0,0.00018,0.0005,0
253.2,415,8.5,18.1,6.8,29.37,28.1,0.21,0.34,16,172,345,0,0.288963524989559,0.261816093554225,0.245649450090491,0.206738131699847,0.00125295837393847,0.0678685785883336,0.00358,0.02123,0.00055,0,0.00018,0.0005,0
251.1,413,8.7,16.6,6.5,29.5,29.56,0.22,0.33,16,185,355,0,0.288963524989559,0.261816093554225,0.245649450090491,0.206738131699847,0.00125295837393847,0.0678685785883336,0.00358,0.02123,0.00055,0,0.00018,0.0005,0
249.3,416,8.5,16.3,5.7,31,28.23,0.18,0.31,16,188,339,0,0.288963524989559,0.261816093554225,0.245649450090491,0.206738131699847,0.00125295837393847,0.0678685785883336,0.00358,0.02123,0.00055,0,0.00018,0.0005,0
249.2,416,8.7,16.3,5.7,31.27,29.3,0.2,0.3,16,191,340,0,0.288963524989559,0.261816093554225,0.245649450090491,0.206738131699847,0.00125295837393847,0.0678685785883336,0.00358,0.02123,0.00055,0,0.00018,0.0005,0
249.1,416,8.9,16.4,5.9,30.8,29.3,0.21,0.31,16,191,342,0,0.288963524989559,0.261816093554225,0.245649450090491,0.206738131699847,0.00125295837393847,0.0678685785883336,0.00358,0.02123,0.00055,0,0.00018,0.0005,0
252.6,412,8.9,17,5.9,31.3,29.3,0.23,0.34,16,176,356,0,0.288963524989559,0.261816093554225,0.245649450090491,0.206738131699847,0.00125295837393847,0.0678685785883336,0.00358,0.02123,0.00055,0,0.00018,0.0005,0
248.9,422,8.9,16.7,5.8,31.67,29.56,0.25,0.41,16,191,322,0,0.288963524989559,0.261816093554225,0.245649450090491,0.206738131699847,0.00125295837393847,0.0678685785883336,0.00358,0.02123,0.00055,0,0.00018,0.0005,0
252.7,422,9,16.9,5.6,31.33,29.5,0.23,0.4,16,184,330,0,0.288963524989559,0.261816093554225,0.245649450090491,0.206738131699847,0.00125295837393847,0.0678685785883336,0.00358,0.02123,0.00055,0,0.00018,0.0005,0
258,413,9,17,6.2,34,30.04,0.26,0.38,16,193,320,0,0.288963524989559,0.261816093554225,0.245649450090491,0.206738131699847,0.00125295837393847,0.0678685785883336,0.00358,0.02123,0.00055,0,0.00018,0.0005,0
258,414,9,16.9,5.9,33.45,30.98,0.25,0.36,16,174,335,0,0.288963524989559,0.261816093554225,0.245649450090491,0.206738131699847,0.00125295837393847,0.0678685785883336,0.00358,0.02123,0.00055,0,0.00018,0.0005,0
253.9,425,8.9,16.9,6.2,32.33,29.35,0.19,0.35,16,203,345,0,0.288963524989559,0.261816093554225,0.245649450090491,0.206738131699847,0.00125295837393847,0.0678685785883336,0.00358,0.02123,0.00055,0,0.00018,0.0005,0
252,417,9,16.7,6.1,31.7,29.5,0.2,0.33,16,193,339,0,0.288963524989559,0.261816093554225,0.245649450090491,0.206738131699847,0.00125295837393847,0.0678685785883336,0.00358,0.02123,0.00055,0,0.00018,0.0005,0
247.6,418,8.3,15,5.1,32.91,28.32,0.23,0.39,16,204,329,0,0.288963524989559,0.261816093554225,0.245649450090491,0.206738131699847,0.00125295837393847,0.0678685785883336,0.00358,0.02123,0.00055,0,0.00018,0.0005,0
255.3,411,8.7,14.9,5.1,32.42,29.85,0.23,0.41,16,176,332,0,0.288963524989559,0.261816093554225,0.245649450090491,0.206738131699847,0.00125295837393847,0.0678685785883336,0.00358,0.02123,0.00055,0,0.00018,0.0005,0
254,411,8.5,14.8,5.1,32.13,29.99,0.25,0.43,16,179,328,0,0.288963524989559,0.261816093554225,0.245649450090491,0.206738131699847,0.00125295837393847,0.0678685785883336,0.00358,0.02123,0.00055,0,0.00018,0.0005,0
250,406,8.2,14.6,5.1,31.9,30.01,0.24,0.41,16,168,344,0,0.288963524989559,0.261816093554225,0.245649450090491,0.206738131699847,0.00125295837393847,0.0678685785883336,0.00358,0.02123,0.00055,0,0.00018,0.0005,0
248.7,404,8,14.4,5.1,31.94,30.25,0.26,0.43,16,181,334,0,0.288963524989559,0.261816093554225,0.245649450090491,0.206738131699847,0.00125295837393847,0.0678685785883336,0.00358,0.02123,0.00055,0,0.00018,0.0005,0
252.3,411,8.1,14.5,5.1,31.54,30.48,0.28,0.41,16,174,341,0,0.288963524989559,0.261816093554225,0.245649450090491,0.206738131699847,0.00125295837393847,0.0678685785883336,0.00358,0.02123,0.00055,0,0.00018,0.0005,0
250.7,409,8.5,14.4,5.1,31.72,30.41,0.27,0.4,16,165,378,0,0.288963524989559,0.261816093554225,0.245649450090491,0.206738131699847,0.00125295837393847,0.0678685785883336,0.00358,0.02123,0.00055,0,0.00018,0.0005,0
248.6,407,8.7,14.6,5.2,31,28.25,0.19,0.34,16,164,339,0,0.288963524989559,0.261816093554225,0.245649450090491,0.206738131699847,0.00125295837393847,0.0678685785883336,0.00358,0.02123,0.00055,0,0.00018,0.0005,0
248.7,400,7.5,15.2,5.1,31.08,28.11,0.24,0.37,16,179,331,0,0.288963524989559,0.261816093554225,0.245649450090491,0.206738131699847,0.00125295837393847,0.0678685785883336,0.00358,0.02123,0.00055,0,0.00018,0.0005,0
251.7,404,7.6,15.1,5.1,31.28,28.36,0.27,0.37,16,181,325,0,0.288963524989559,0.261816093554225,0.245649450090491,0.206738131699847,0.00125295837393847,0.0678685785883336,0.00358,0.02123,0.00055,0,0.00018,0.0005,0
250.7,404,8.4,15.2,5.1,31.66,28.98,0.22,0.37,16,190,318,0,0.288963524989559,0.261816093554225,0.245649450090491,0.206738131699847,0.00125295837393847,0.0678685785883336,0.00358,0.02123,0.00055,0,0.00018,0.0005,0
252.2,417,8.8,15.5,5.1,31.04,29.39,0.19,0.34,16,173,322,0,0.288963524989559,0.261816093554225,0.245649450090491,0.206738131699847,0.00125295837393847,0.0678685785883336,0.00358,0.02123,0.00055,0,0.00018,0.0005,0
252.2,418,8.4,15.6,5.2,31.1,28.4,0.2,0.35,16,178,334,0,0.288963524989559,0.261816093554225,0.245649450090491,0.206738131699847,0.00125295837393847,0.0678685785883336,0.00358,0.02123,0.00055,0,0.00018,0.0005,0
251.4,414,8.5,15.7,5.2,31.16,28.91,0.19,0.36,16,185,338,0,0.288963524989559,0.261816093554225,0.245649450090491,0.206738131699847,0.00125295837393847,0.0678685785883336,0.00358,0.02123,0.00055,0,0.00018,0.0005,0
254.2,409,8.3,15.1,5.1,29.37,29.09,0.24,0.37,16,145,312,0,0.288963524989559,0.261816093554225,0.245649450090491,0.206738131699847,0.00125295837393847,0.0678685785883336,0.00358,0.02123,0.00055,0,0.00018,0.0005,0
254.6,410,8.3,15.1,5.1,29.45,29.01,0.22,0.36,16,148,292,0,0.288963524989559,0.261816093554225,0.245649450090491,0.206738131699847,0.00125295837393847,0.0678685785883336,0.00358,0.02123,0.00055,0,0.00018,0.0005,0
254.4,407,8.3,14,5.1,29.37,29.19,0.24,0.38,16,149,304,0,0.288963524989559,0.261816093554225,0.245649450090491,0.206738131699847,0.00125295837393847,0.0678685785883336,0.00358,0.02123,0.00055,0,0.00018,0.0005,0
251,407,8.2,14,5.1,29.97,29,0.24,0.39,16,155,304,0,0.288963524989559,0.261816093554225,0.245649450090491,0.206738131699847,0.00125295837393847,0.0678685785883336,0.00358,0.02123,0.00055,0,0.00018,0.0005,0
252.8,414,8.6,14.4,5.1,29.04,29.9,0.25,0.37,16,130,321,0,0.288963524989559,0.261816093554225,0.245649450090491,0.206738131699847,0.00125295837393847,0.0678685785883336,0.00358,0.02123,0.00055,0,0.00018,0.0005,0
251.7,409,8.5,14.5,5.1,29.47,29.4,0.29,0.39,16,126,318,0,0.288963524989559,0.261816093554225,0.245649450090491,0.206738131699847,0.00125295837393847,0.0678685785883336,0.00358,0.02123,0.00055,0,0.00018,0.0005,0
260.4,418,8.4,18.1,5.8,31,29.87,0.13,0.37,16,114,276,0,0.4784,0.759333333333333,0,0.432,0.00653333333333333,0.426666666666667,0.00386,0.01187,0.00056,0,0.00011,0.0005,0
253.2,422,7.4,19,6,31.17,29.54,0.14,0.34,16,115,301,0,0.4784,0.759333333333333,0,0.432,0.00653333333333333,0.426666666666667,0.00386,0.01187,0.00056,0,0.00011,0.0005,0
249.6,420,7.2,20.2,6.4,31.1,29.07,0.11,0.33,16,122,295,0,0.4784,0.759333333333333,0,0.432,0.00653333333333333,0.426666666666667,0.00386,0.01187,0.00056,0,0.00011,0.0005,0
249.6,422,7.2,18.7,6,31.2,29.96,0.14,0.32,16,114,313,0,0.4784,0.759333333333333,0,0.432,0.00653333333333333,0.426666666666667,0.00386,0.01187,0.00056,0,0.00011,0.0005,0
256.4,419,8.8,18.2,5.9,31.3,28.79,0.09,0.3,16,114,299,0,0.4784,0.759333333333333,0,0.432,0.00653333333333333,0.426666666666667,0.00386,0.01187,0.00056,0,0.00011,0.0005,0
256.1,420,8.7,18.3,6,31.17,28.75,0.1,0.32,16,126,306,0,0.4784,0.759333333333333,0,0.432,0.00653333333333333,0.426666666666667,0.00386,0.01187,0.00056,0,0.00011,0.0005,0
253.3,434,8,20.1,5.8,32.18,,0.16,0.36,16,186,312,0,0.433995107263831,0.42406849830636,0.258750470455401,0.508091832894242,0.00254045916447121,0.169363944298081,0.00414,0.0165,0.00056,0,0.00014,0.00072,0
254.3,433,8.4,19,5.7,32.79,29.6,0.12,0.32,16,177,328,0,0.433995107263831,0.42406849830636,0.258750470455401,0.508091832894242,0.00254045916447121,0.169363944298081,0.00414,0.0165,0.00056,0,0.00014,0.00072,0
251.1,417,8.3,18.8,5.7,32.06,28.06,0.11,0.3,16,185,334,0,0.433995107263831,0.42406849830636,0.258750470455401,0.508091832894242,0.00254045916447121,0.169363944298081,0.00414,0.0165,0.00056,0,0.00014,0.00072,0
249.2,406,8.2,17.6,5.4,33.17,29.26,0.16,0.33,16,157,340,0,0.433995107263831,0.42406849830636,0.258750470455401,0.508091832894242,0.00254045916447121,0.169363944298081,0.00414,0.0165,0.00056,0,0.00014,0.00072,0
247.4,394,8.3,16.3,5.1,33.74,29.78,0.13,0.34,16,176,335,0,0.433995107263831,0.42406849830636,0.258750470455401,0.508091832894242,0.00254045916447121,0.169363944298081,0.00414,0.0165,0.00056,0,0.00014,0.00072,0
252,401,9,15.7,5.1,33.26,29.76,0.13,0.35,16,198,342,0,0.433995107263831,0.42406849830636,0.258750470455401,0.508091832894242,0.00254045916447121,0.169363944298081,0.00414,0.0165,0.00056,0,0.00014,0.00072,0
253.8,412,9,16.8,5.2,32.57,30.28,0.12,0.31,16,175,275,0,0.433995107263831,0.42406849830636,0.258750470455401,0.508091832894242,0.00254045916447121,0.169363944298081,0.00414,0.0165,0.00056,0,0.00014,0.00072,0
250.7,408,8.8,16.2,5.6,32.44,28.84,0.14,0.35,16,171,313,0,0.433995107263831,0.42406849830636,0.258750470455401,0.508091832894242,0.00254045916447121,0.169363944298081,0.00414,0.0165,0.00056,0,0.00014,0.00072,0
250.3,406,8.8,16.7,5.4,32.71,29.67,0.11,0.4,16,174,310,0,0.433995107263831,0.42406849830636,0.258750470455401,0.508091832894242,0.00254045916447121,0.169363944298081,0.00414,0.0165,0.00056,0,0.00014,0.00072,0
251.7,408,8.9,16.7,5.5,32.3,30.65,0.13,0.42,16,165,325,0,0.433995107263831,0.42406849830636,0.258750470455401,0.508091832894242,0.00254045916447121,0.169363944298081,0.00414,0.0165,0.00056,0,0.00014,0.00072,0
252.1,414,8.6,17.1,5.7,31.89,29.99,0.15,0.43,16,168,319,0,0.433995107263831,0.42406849830636,0.258750470455401,0.508091832894242,0.00254045916447121,0.169363944298081,0.00414,0.0165,0.00056,0,0.00014,0.00072,0
252.4,416,8.5,16.9,5.8,31.37,30,0.19,0.42,16,176,320,0,0.433995107263831,0.42406849830636,0.258750470455401,0.508091832894242,0.00254045916447121,0.169363944298081,0.00414,0.0165,0.00056,0,0.00014,0.00072,0
247.2,408,7.6,18.1,5.9,31.11,28.04,0.15,0.44,16,160,310,0,0.433995107263831,0.42406849830636,0.258750470455401,0.508091832894242,0.00254045916447121,0.169363944298081,0.00414,0.0165,0.00056,0,0.00014,0.00072,0
251.8,407,8.2,17.6,5.9,31.27,28.99,0.18,0.43,16,165,312,0,0.433995107263831,0.42406849830636,0.258750470455401,0.508091832894242,0.00254045916447121,0.169363944298081,0.00414,0.0165,0.00056,0,0.00014,0.00072,0
248.3,415,8.1,17,5.8,31.9,29.65,0.16,0.42,16,167,321,0,0.433995107263831,0.42406849830636,0.258750470455401,0.508091832894242,0.00254045916447121,0.169363944298081,0.00414,0.0165,0.00056,0,0.00014,0.00072,0
250.7,417,8.4,17,5.8,31.36,29.12,0.18,0.45,16,176,319,0,0.433995107263831,0.42406849830636,0.258750470455401,0.508091832894242,0.00254045916447121,0.169363944298081,0.00414,0.0165,0.00056,0,0.00014,0.00072,0
250,432,8.4,16.2,5.3,28.83,29.04,0.27,0.44,16,197,355,0,0.152540834845735,0.21497277676951,0.12431941923775,0.169872958257713,0.000871143375680581,0.0617059891107078,0.00414,0.0165,0.00056,0,0.00014,0.00072,0
250.4,422,9,16.4,5.8,31,30.68,0.23,0.4,16,142,342,0,0.152540834845735,0.21497277676951,0.12431941923775,0.169872958257713,0.000871143375680581,0.0617059891107078,0.00414,0.0165,0.00056,0,0.00014,0.00072,0
251.2,423,9,16.2,5.5,31.08,30.55,0.25,0.42,16,163,329,0,0.152540834845735,0.21497277676951,0.12431941923775,0.169872958257713,0.000871143375680581,0.0617059891107078,0.00414,0.0165,0.00056,0,0.00014,0.00072,0
251.2,423,8.8,16.3,5.4,31.04,30.15,0.26,0.45,16,183,321,0,0.152540834845735,0.21497277676951,0.12431941923775,0.169872958257713,0.000871143375680581,0.0617059891107078,0.00414,0.0165,0.00056,0,0.00014,0.00072,0
250.4,423,8.9,16.5,5.5,31,32,0.17,0.44,16,144,325,0,0.152540834845735,0.21497277676951,0.12431941923775,0.169872958257713,0.000871143375680581,0.0617059891107078,0.00414,0.0165,0.00056,0,0.00014,0.00072,0
251.6,421,8.8,16.2,5.8,31.21,31.92,0.12,0.4,16,167,330,0,0.152540834845735,0.21497277676951,0.12431941923775,0.169872958257713,0.000871143375680581,0.0617059891107078,0.00414,0.0165,0.00056,0,0.00014,0.00072,0
251.1,415,8.8,16.3,5.7,31.41,31.33,0.15,0.43,16,174,325,0,0.152540834845735,0.21497277676951,0.12431941923775,0.169872958257713,0.000871143375680581,0.0617059891107078,0.00414,0.0165,0.00056,0,0.00014,0.00072,0
252.3,429,10,18,5.5,31.63,32.3,0.1,0.29,16,164,428,0,0.3895,0.552066666666667,0.135,0.276,0.00523333333333333,0,0.00364,0.01405,0.00043,0,0,0.00049,0
262.6,436,10.2,18.3,5.6,32.04,34.23,0.17,0.15,16,164,282,0,0.3895,0.552066666666667,0.135,0.276,0.00523333333333333,0,0.00364,0.01405,0.00043,0,0,0.00049,0
254.3,422,10.1,18.1,5.4,31.23,33.23,0.18,0.35,16,162,278,0,0.3895,0.552066666666667,0.135,0.276,0.00523333333333333,0,0.00364,0.01405,0.00043,0,0,0.00049,0
260.3,424,9,17.9,5.5,31.07,31,0.19,0.32,16,166,268,0,0.3895,0.552066666666667,0.135,0.276,0.00523333333333333,0,0.00364,0.01405,0.00043,0,0,0.00049,0
251.3,420,9,14.9,5.1,31,31.23,0.18,0.34,16,173,315,0,0.3895,0.552066666666667,0.135,0.276,0.00523333333333333,0,0.00364,0.01405,0.00043,0,0,0.00049,0
249.7,400,7.9,14.6,5.2,31.1,31.56,0.17,0.28,16,183,322,0,0.3895,0.552066666666667,0.135,0.276,0.00523333333333333,0,0.00364,0.01405,0.00043,0,0,0.00049,0
248.1,401,8.9,14.4,5.2,31,28.12,0.07,0.34,16,190,385,0,0.3895,0.552066666666667,0.135,0.276,0.00523333333333333,0,0.00364,0.01405,0.00043,0,0,0.00049,0
248.7,399,8.6,14.3,5.3,31,29.52,0.34,0.3,16,173,356,0,0.3895,0.552066666666667,0.135,0.276,0.00523333333333333,0,0.00364,0.01405,0.00043,0,0,0.00049,0
249.3,406,8.6,14.4,5.2,31.1,29.49,0.33,0.3,16,191,362,0,0.3895,0.552066666666667,0.135,0.276,0.00523333333333333,0,0.00364,0.01405,0.00043,0,0,0.00049,0
250,403,8.8,14.2,5.2,31.83,29.46,0.31,0.28,16,186,363,0,0.3895,0.552066666666667,0.135,0.276,0.00523333333333333,0,0.00364,0.01405,0.00043,0,0,0.00049,0
252,411,8.9,14.4,5.2,32.11,30.33,0.1,0.28,16,200,385,0,0.3895,0.552066666666667,0.135,0.276,0.00523333333333333,0,0.00364,0.01405,0.00043,0,0,0.00049,0
258.4,409,8.8,14.5,5.3,31.54,30.15,0.09,0.3,16,206,381,0,0.3895,0.552066666666667,0.135,0.276,0.00523333333333333,0,0.00364,0.01405,0.00043,0,0,0.00049,0
248.7,418,8.8,15.7,6.2,31.95,31.39,0.09,0.4,16,205,368,0,0.3895,0.552066666666667,0.135,0.276,0.00523333333333333,0,0.00364,0.01405,0.00043,0,0,0.00049,0
255.3,415,8.8,15.6,6.1,31.21,31.58,0.09,0.4,16,209,372,0,0.3895,0.552066666666667,0.135,0.276,0.00523333333333333,0,0.00364,0.01405,0.00043,0,0,0.00049,0
248.3,411,8.1,15.4,6.2,31.96,31.32,0.07,0.41,16,199,377,0,0.3895,0.552066666666667,0.135,0.276,0.00523333333333333,0,0.00364,0.01405,0.00043,0,0,0.00049,0
248.9,408,8.8,15.6,6.2,31.53,32,0.08,0.35,16,198,369,0,0.3895,0.552066666666667,0.135,0.276,0.00523333333333333,0,0.00364,0.01405,0.00043,0,0,0.00049,0
249.7,405,8.8,15.3,6.1,31.17,31.35,0.09,0.37,16,203,362,0,0.3895,0.552066666666667,0.135,0.276,0.00523333333333333,0,0.00364,0.01405,0.00043,0,0,0.00049,0
250.3,400,8.6,14.5,5.5,32.81,29.8,0.09,0.42,16,204,316,0,0.3895,0.552066666666667,0.135,0.276,0.00523333333333333,0,0.00364,0.01405,0.00043,0,0,0.00049,0
249.6,403,8.8,14.7,5.4,32.37,29.1,0.09,0.38,16,203,372,0,0.3895,0.552066666666667,0.135,0.276,0.00523333333333333,0,0.00364,0.01405,0.00043,0,0,0.00049,0
249.6,400,8.8,14.1,5.4,32.17,29.35,0.07,0.36,16,201,380,0,0.3895,0.552066666666667,0.135,0.276,0.00523333333333333,0,0.00364,0.01405,0.00043,0,0,0.00049,0
249.3,402,8.7,14.3,5.4,31.8,29.55,0.08,0.37,16,203,389,0,0.3895,0.552066666666667,0.135,0.276,0.00523333333333333,0,0.00364,0.01405,0.00043,0,0,0.00049,0
248.1,397,9,15.2,5.6,32.16,29.74,0.13,0.31,16,205,333,0,0.25625,0.352388888888889,0.122916666666667,0.175,0.00294444444444444,0,0.00392,0.01594,0.00043,0,0,0.00049,0
248.7,403,9,15,5.5,32.51,29.81,0.11,0.33,16,198,328,0,0.25625,0.352388888888889,0.122916666666667,0.175,0.00294444444444444,0,0.00392,0.01594,0.00043,0,0,0.00049,0
248.6,401,9,14.5,5.3,32.86,29.53,0.12,0.31,16,195,323,0,0.25625,0.352388888888889,0.122916666666667,0.175,0.00294444444444444,0,0.00392,0.01594,0.00043,0,0,0.00049,0
250.2,406,9,14.6,5.3,32.67,29.45,0.1,0.35,16,201,319,0,0.25625,0.352388888888889,0.122916666666667,0.175,0.00294444444444444,0,0.00392,0.01594,0.00043,0,0,0.00049,0
251.1,415,9,15,5.4,31.46,28.8,0.1,0.3,16,179,311,0,0.25625,0.352388888888889,0.122916666666667,0.175,0.00294444444444444,0,0.00392,0.01594,0.00043,0,0,0.00049,0
256.3,415,8.8,14.8,5.3,31.37,28.87,0.11,0.32,16,190,329,0,0.25625,0.352388888888889,0.122916666666667,0.175,0.00294444444444444,0,0.00392,0.01594,0.00043,0,0,0.00049,0
251.1,414,9,16.4,5.9,32.49,29.11,0.15,0.33,16,197,338,0,0.25625,0.352388888888889,0.122916666666667,0.175,0.00294444444444444,0,0.00392,0.01594,0.00043,0,0,0.00049,0
252.1,418,8.8,16,5.9,32.07,29.53,0.11,0.35,16,197,333,0,0.25625,0.352388888888889,0.122916666666667,0.175,0.00294444444444444,0,0.00392,0.01594,0.00043,0,0,0.00049,0
251.8,420,8.5,16.4,6.2,32.68,30.41,0.15,0.32,16,188,336,0,0.25625,0.352388888888889,0.122916666666667,0.175,0.00294444444444444,0,0.00392,0.01594,0.00043,0,0,0.00049,0
250.1,419,8.5,16.2,6.2,32.33,30.12,0.13,0.35,16,198,327,0,0.25625,0.352388888888889,0.122916666666667,0.175,0.00294444444444444,0,0.00392,0.01594,0.00043,0,0,0.00049,0
255.1,422,8.1,16.3,6.3,31.01,30.81,0.13,0.35,16,155,280,0.0351485148514851,0.231386138613861,0.290059405940594,0.346534653465346,0.249504950495049,0,0.095049504950495,0.00516,0.02024,0.00048,0,0,0.00083,0
253.1,409,8.2,15.9,6,31.33,30.56,0.13,0.36,16,160,286,0.0351485148514851,0.231386138613861,0.290059405940594,0.346534653465346,0.249504950495049,0,0.095049504950495,0.00516,0.02024,0.00048,0,0,0.00083,0
249,408,8.1,15.2,5.6,31,31,0.13,0.32,16,164,295,0.0351485148514851,0.231386138613861,0.290059405940594,0.346534653465346,0.249504950495049,0,0.095049504950495,0.00516,0.02024,0.00048,0,0,0.00083,0
251.4,410,8.5,15,5.7,31,30.69,0.13,0.35,16,157,299,0.0351485148514851,0.231386138613861,0.290059405940594,0.346534653465346,0.249504950495049,0,0.095049504950495,0.00516,0.02024,0.00048,0,0,0.00083,0
255,411,8.8,14.7,5.8,31.14,31.27,0.13,0.38,16,159,334,0.0351485148514851,0.231386138613861,0.290059405940594,0.346534653465346,0.249504950495049,0,0.095049504950495,0.00516,0.02024,0.00048,0,0,0.00083,0
255.1,408,8.7,14.8,5.6,31.39,30.89,0.13,0.37,16,161,332,0.0351485148514851,0.231386138613861,0.290059405940594,0.346534653465346,0.249504950495049,0,0.095049504950495,0.00516,0.02024,0.00048,0,0,0.00083,0
251.4,402,8.7,15,5.6,31.36,30.54,0.13,0.36,16,165,301,0.0351485148514851,0.231386138613861,0.290059405940594,0.346534653465346,0.249504950495049,0,0.095049504950495,0.00516,0.02024,0.00048,0,0,0.00083,0
252,408,8.9,15.3,5.7,31.07,29.65,0.13,0.37,16,159,300,0.0351485148514851,0.231386138613861,0.290059405940594,0.346534653465346,0.249504950495049,0,0.095049504950495,0.00516,0.02024,0.00048,0,0,0.00083,0
252.8,411,8.9,15.5,5.9,31.18,29.85,0.13,0.39,16,149,305,0.0351485148514851,0.231386138613861,0.290059405940594,0.346534653465346,0.249504950495049,0,0.095049504950495,0.00516,0.02024,0.00048,0,0,0.00083,0
253,409,8.9,15.6,5.8,31.1,29.45,0.13,0.37,16,157,301,0.0351485148514851,0.231386138613861,0.290059405940594,0.346534653465346,0.249504950495049,0,0.095049504950495,0.00516,0.02024,0.00048,0,0,0.00083,0
254.1,408,8.9,15.5,5.8,31.21,30.23,0.13,0.35,16,190,315,0.0121951219512195,0.0909090909090909,0.191374722838138,0.240576496674058,0.103769401330377,0,0.0354767184035477,0.00516,0.02024,0.00048,0,0,0.00083,0
259.1,414,9,14.7,5.8,31.27,31.23,0.13,0.41,16,186,306,0.0121951219512195,0.0909090909090909,0.191374722838138,0.240576496674058,0.103769401330377,0,0.0354767184035477,0.00516,0.02024,0.00048,0,0,0.00083,0
255,405,9,15.4,5.8,31.52,30.15,0.13,0.33,16,193,320,0.0121951219512195,0.0909090909090909,0.191374722838138,0.240576496674058,0.103769401330377,0,0.0354767184035477,0.00516,0.02024,0.00048,0,0,0.00083,0
254.9,407,8.9,15.5,6,31.6,30.9,0.13,0.32,16,193,315,0.0121951219512195,0.0909090909090909,0.191374722838138,0.240576496674058,0.103769401330377,0,0.0354767184035477,0.00516,0.02024,0.00048,0,0,0.00083,0
261.3,406,9,15.3,5.6,31.47,31.2,0.13,0.34,16,183,307,0.0121951219512195,0.0909090909090909,0.191374722838138,0.240576496674058,0.103769401330377,0,0.0354767184035477,0.00516,0.02024,0.00048,0,0,0.00083,0
255.4,404,9,15.6,6,31.23,30.9,0.13,0.33,16,183,320,0.0121951219512195,0.0909090909090909,0.191374722838138,0.240576496674058,0.103769401330377,0,0.0354767184035477,0.00516,0.02024,0.00048,0,0,0.00083,0
259.3,414,8.9,15.6,5.9,31.77,31.2,0.13,0.32,16,189,318,0.0121951219512195,0.0909090909090909,0.191374722838138,0.240576496674058,0.103769401330377,0,0.0354767184035477,0.00516,0.02024,0.00048,0,0,0.00083,0
252.8,410,7.3,23.4,9.4,34.16,28,0.66,0.43,16,86,281,0.0638515239230376,0.226914126794937,0.50678245076338,0.278108859753675,0.224757364209092,0,0,0.00398,0.01566,0.00029,0,0,0.00103,0
254.2,413,7.6,17.8,6.7,34.35,28.11,0.66,0.45,16,95,277,0.0638515239230376,0.226914126794937,0.50678245076338,0.278108859753675,0.224757364209092,0,0,0.00398,0.01566,0.00029,0,0,0.00103,0
256.1,407,7.9,18.2,6.7,34.89,28.16,0.66,0.35,16,98,290,0.0638515239230376,0.226914126794937,0.50678245076338,0.278108859753675,0.224757364209092,0,0,0.00398,0.01566,0.00029,0,0,0.00103,0
256.8,410,8.1,19.3,7,34.38,28.58,0.66,0.34,16,125,285,0.0638515239230376,0.226914126794937,0.50678245076338,0.278108859753675,0.224757364209092,0,0,0.00398,0.01566,0.00029,0,0,0.00103,0
251.8,404,8.3,16.6,6.4,34.36,28.03,0.66,0.42,16,87,269,0.0638515239230376,0.226914126794937,0.50678245076338,0.278108859753675,0.224757364209092,0,0,0.00398,0.01566,0.00029,0,0,0.00103,0
253.6,406,8.4,16.2,6.5,34.32,28.54,0.66,0.41,16,86,275,0.0638515239230376,0.226914126794937,0.50678245076338,0.278108859753675,0.224757364209092,0,0,0.00398,0.01566,0.00029,0,0,0.00103,0
254.6,406,8.8,16.3,6.6,32.42,28.27,0.66,0.38,16,93,262,0.0638515239230376,0.226914126794937,0.50678245076338,0.278108859753675,0.224757364209092,0,0,0.00398,0.01566,0.00029,0,0,0.00103,0
252.4,407,8.6,15.9,6.6,33.23,28.63,0.66,0.36,16,87,258,0.0638515239230376,0.226914126794937,0.50678245076338,0.278108859753675,0.224757364209092,0,0,0.00398,0.01566,0.00029,0,0,0.00103,0
251.9,403,8.9,16.7,6.7,31.83,28.89,0.66,0.32,16,120,278,0.0638515239230376,0.226914126794937,0.50678245076338,0.278108859753675,0.224757364209092,0,0,0.00398,0.01566,0.00029,0,0,0.00103,0
253.9,404,8.9,16.4,6.9,32.5,28.19,0.66,0.35,16,91,262,0.0638515239230376,0.226914126794937,0.50678245076338,0.278108859753675,0.224757364209092,0,0,0.00398,0.01566,0.00029,0,0,0.00103,0
249.4,401,8.5,16.5,6.9,31.18,28.1,0.66,0.36,16,101,289,0.0638515239230376,0.226914126794937,0.50678245076338,0.278108859753675,0.224757364209092,0,0,0.00398,0.01566,0.00029,0,0,0.00103,0
258.1,401,8.7,16.2,6.4,31.63,28.33,0.66,0.34,16,102,267,0.0638515239230376,0.226914126794937,0.50678245076338,0.278108859753675,0.224757364209092,0,0,0.00398,0.01566,0.00029,0,0,0.00103,0
254.6,400,8.8,15.6,6.2,31.42,28.24,0.66,0.35,16,107,281,0.0638515239230376,0.226914126794937,0.50678245076338,0.278108859753675,0.224757364209092,0,0,0.00398,0.01566,0.00029,0,0,0.00103,0
252.1,411,8.8,16.3,6.6,31.86,29.2,0.66,0.36,16,132,299,0.0638515239230376,0.226914126794937,0.50678245076338,0.278108859753675,0.224757364209092,0,0,0.00398,0.01566,0.00029,0,0,0.00103,0
254.4,405,8.4,16.4,6.8,31.96,29.52,0.66,0.37,16,124,301,0.0638515239230376,0.226914126794937,0.50678245076338,0.278108859753675,0.224757364209092,0,0,0.00398,0.01566,0.00029,0,0,0.00103,0
252.6,404,8.9,16.6,6.7,31.49,29.21,0.66,0.36,16,97,288,0.0638515239230376,0.226914126794937,0.50678245076338,0.278108859753675,0.224757364209092,0,0,0.00398,0.01566,0.00029,0,0,0.00103,0
253.1,407,8.5,16.3,6.7,31.6,29.55,0.66,0.38,16,69,271,0.0638515239230376,0.226914126794937,0.50678245076338,0.278108859753675,0.224757364209092,0,0,0.00398,0.01566,0.00029,0,0,0.00103,0
249.2,411,9,16.3,5.9,31.65,30.34,0.66,0.32,16,119,324,0.0640437158469945,0.233142076502732,0.29594262295082,0.180327868852459,0.19672131147541,0,0,0.00352,0.01318,0.00026,0,0,0.00091,0
248.7,412,9,16.3,6,31.5,30.25,0.66,0.33,16,113,299,0.0640437158469945,0.233142076502732,0.29594262295082,0.180327868852459,0.19672131147541,0,0,0.00352,0.01318,0.00026,0,0,0.00091,0
252.2,413,9,16.9,6.2,32.22,29.22,0.66,0.39,16,101,284,0.0640437158469945,0.233142076502732,0.29594262295082,0.180327868852459,0.19672131147541,0,0,0.00352,0.01318,0.00026,0,0,0.00091,0
249.1,408,8.2,16.9,6.1,32.27,29.11,0.66,0.37,16,107,292,0.0640437158469945,0.233142076502732,0.29594262295082,0.180327868852459,0.19672131147541,0,0,0.00352,0.01318,0.00026,0,0,0.00091,0
248.6,407,8.1,17.5,6.2,34.4,29.33,0.66,0.38,16,96,287,0.0640437158469945,0.233142076502732,0.29594262295082,0.180327868852459,0.19672131147541,0,0,0.00352,0.01318,0.00026,0,0,0.00091,0
250.7,407,8.4,17.5,6.2,34.65,29.03,0.66,0.37,16,98,292,0.0640437158469945,0.233142076502732,0.29594262295082,0.180327868852459,0.19672131147541,0,0,0.00352,0.01318,0.00026,0,0,0.00091,0
252.7,408,8.4,17.6,6.2,34.61,28.33,0.66,0.36,16,96,299,0.0640437158469945,0.233142076502732,0.29594262295082,0.180327868852459,0.19672131147541,0,0,0.00352,0.01318,0.00026,0,0,0.00091,0
250.9,408,8.4,17.3,6.2,34.96,28.56,0.66,0.35,16,104,295,0.0640437158469945,0.233142076502732,0.29594262295082,0.180327868852459,0.19672131147541,0,0,0.00352,0.01318,0.00026,0,0,0.00091,0
249.9,407,8.1,17.4,6.2,35,28.84,0.66,0.39,16,93,291,0.0640437158469945,0.233142076502732,0.29594262295082,0.180327868852459,0.19672131147541,0,0,0.00352,0.01318,0.00026,0,0,0.00091,0
250.2,407,8.1,17.2,6.3,35,28.92,0.66,0.38,16,93,289,0.0640437158469945,0.233142076502732,0.29594262295082,0.180327868852459,0.19672131147541,0,0,0.00352,0.01318,0.00026,0,0,0.00091,0
251.2,407,8,17.1,6.4,34.97,29.38,0.66,0.4,16,88,291,0.0640437158469945,0.233142076502732,0.29594262295082,0.180327868852459,0.19672131147541,0,0,0.00352,0.01318,0.00026,0,0,0.00091,0
251.4,407,8.2,17.3,6.1,34.36,29.53,0.66,0.38,16,99,282,0.0640437158469945,0.233142076502732,0.29594262295082,0.180327868852459,0.19672131147541,0,0,0.00352,0.01318,0.00026,0,0,0.00091,0
252.6,410,8.4,17.3,6.1,34.28,29.91,0.66,0.37,16,100,264,0.0640437158469945,0.233142076502732,0.29594262295082,0.180327868852459,0.19672131147541,0,0,0.00352,0.01318,0.00026,0,0,0.00091,0
253.2,408,8.5,17.4,6.1,33.97,29.85,0.66,0.38,16,96,269,0.0640437158469945,0.233142076502732,0.29594262295082,0.180327868852459,0.19672131147541,0,0,0.00352,0.01318,0.00026,0,0,0.00091,0
252.8,404,8.3,17,6,33.34,29.77,0.66,0.41,16,97,256,0.0640437158469945,0.233142076502732,0.29594262295082,0.180327868852459,0.19672131147541,0,0,0.00352,0.01318,0.00026,0,0,0.00091,0
251.7,406,8.6,17.2,6.1,33.35,29.58,0.66,0.4,16,91,261,0.0640437158469945,0.233142076502732,0.29594262295082,0.180327868852459,0.19672131147541,0,0,0.00352,0.01318,0.00026,0,0,0.00091,0
249.1,420,7.8,17.4,5.9,31.31,28.75,0.66,0.36,16,120,269,0.0546719681908549,0.313817097415507,0.411988071570576,0,0.200397614314115,0.00165009940357853,0,0.00408,0.01801,0.00041,0,0,0,0.00087
248.9,418,7.7,17.5,6,31.35,28.91,0.66,0.35,16,133,272,0.0546719681908549,0.313817097415507,0.411988071570576,0,0.200397614314115,0.00165009940357853,0,0.00408,0.01801,0.00041,0,0,0,0.00087
249.7,419,8.1,18.4,6.1,31.84,28.72,0.66,0.35,16,140,291,0.0546719681908549,0.313817097415507,0.411988071570576,0,0.200397614314115,0.00165009940357853,0,0.00408,0.01801,0.00041,0,0,0,0.00087
250.1,421,8,17.2,6,31.48,28.85,0.66,0.36,16,137,285,0.0546719681908549,0.313817097415507,0.411988071570576,0,0.200397614314115,0.00165009940357853,0,0.00408,0.01801,0.00041,0,0,0,0.00087
249.8,423,7.9,17.5,6,31.15,28.96,0.66,0.36,16,128,287,0.0546719681908549,0.313817097415507,0.411988071570576,0,0.200397614314115,0.00165009940357853,0,0.00408,0.01801,0.00041,0,0,0,0.00087
249.2,423,7.3,17.4,5.9,32.21,30.3,0.66,0.36,16,134,291,0.0546719681908549,0.313817097415507,0.411988071570576,0,0.200397614314115,0.00165009940357853,0,0.00408,0.01801,0.00041,0,0,0,0.00087
249.8,421,7.3,17.8,5.9,31.87,29.87,0.66,0.35,16,133,286,0.0546719681908549,0.313817097415507,0.411988071570576,0,0.200397614314115,0.00165009940357853,0,0.00408,0.01801,0.00041,0,0,0,0.00087
249.2,421,7.7,17.5,5.9,31.15,28.86,0.66,0.35,16,130,290,0.0546719681908549,0.313817097415507,0.411988071570576,0,0.200397614314115,0.00165009940357853,0,0.00408,0.01801,0.00041,0,0,0,0.00087
250.2,417,7.1,17.4,5.9,31.52,29.4,0.81,0.4,16,113,278,0.0546719681908549,0.313817097415507,0.411988071570576,0,0.200397614314115,0.00165009940357853,0,0.00408,0.01801,0.00041,0,0,0,0.00087
249.3,421,7.4,17.8,5.9,31.27,28.91,0.81,0.37,16,124,281,0.0546719681908549,0.313817097415507,0.411988071570576,0,0.200397614314115,0.00165009940357853,0,0.00408,0.01801,0.00041,0,0,0,0.00087
248.1,418,8.5,17.4,5.7,31.65,28.95,0.81,0.38,16,129,289,0.0546719681908549,0.313817097415507,0.411988071570576,0,0.200397614314115,0.00165009940357853,0,0.00408,0.01801,0.00041,0,0,0,0.00087
248.6,418,8.5,17.6,5.6,31.64,28.77,0.81,0.37,16,130,285,0.0546719681908549,0.313817097415507,0.411988071570576,0,0.200397614314115,0.00165009940357853,0,0.00408,0.01801,0.00041,0,0,0,0.00087
252.9,415,7.8,16.8,6.2,31.25,28.69,0.81,0.24,16,125,279,0.0546719681908549,0.313817097415507,0.411988071570576,0,0.200397614314115,0.00165009940357853,0,0.00408,0.01801,0.00041,0,0,0,0.00087
251.7,415,7.6,16.5,6.1,31.23,28.78,0.81,0.25,16,116,277,0.0546719681908549,0.313817097415507,0.411988071570576,0,0.200397614314115,0.00165009940357853,0,0.00408,0.01801,0.00041,0,0,0,0.00087
255.7,414,8.3,16.7,6.2,31.15,29.35,0.81,0.32,16,117,273,0.0546719681908549,0.313817097415507,0.411988071570576,0,0.200397614314115,0.00165009940357853,0,0.00408,0.01801,0.00041,0,0,0,0.00087
247.4,403,7.6,15.2,5.4,31.17,28.48,0.81,0.36,16,127,298,0.0546719681908549,0.313817097415507,0.411988071570576,0,0.200397614314115,0.00165009940357853,0,0.00408,0.01801,0.00041,0,0,0,0.00087
249.2,410,7.7,15.5,5.4,31,28.65,0.81,0.35,16,119,295,0.0546719681908549,0.313817097415507,0.411988071570576,0,0.200397614314115,0.00165009940357853,0,0.00408,0.01801,0.00041,0,0,0,0.00087
252.9,413,8.2,16.8,5.8,31.28,28.5,0.81,0.35,16,114,263,0.0546719681908549,0.313817097415507,0.411988071570576,0,0.200397614314115,0.00165009940357853,0,0.00408,0.01801,0.00041,0,0,0,0.00087
253.1,408,8,16.7,5.9,31.35,28.66,0.81,0.35,16,111,281,0.0546719681908549,0.313817097415507,0.411988071570576,0,0.200397614314115,0.00165009940357853,0,0.00408,0.01801,0.00041,0,0,0,0.00087
258.9,405,7.9,16.8,6,31.51,28.5,0.81,0.31,16,108,291,0.0546719681908549,0.313817097415507,0.411988071570576,0,0.200397614314115,0.00165009940357853,0,0.00408,0.01801,0.00041,0,0,0,0.00087
257.8,409,7.9,16.8,6,31.27,28.41,0.81,0.33,16,110,295,0.0546719681908549,0.313817097415507,0.411988071570576,0,0.200397614314115,0.00165009940357853,0,0.00408,0.01801,0.00041,0,0,0,0.00087
254.8,409,8.3,18,6.8,30.43,28.19,0.81,0.28,16,121,298,0.0546719681908549,0.313817097415507,0.411988071570576,0,0.200397614314115,0.00165009940357853,0,0.00408,0.01801,0.00041,0,0,0,0.00087
255,409,8.7,18.5,6.7,31.4,28.9,0.81,0.27,16,121,302,0.0546719681908549,0.313817097415507,0.411988071570576,0,0.200397614314115,0.00165009940357853,0,0.00408,0.01801,0.00041,0,0,0,0.00087
252.3,408,7.9,16.9,6.8,31.63,28.67,0.81,0.36,16,118,293,0.0546719681908549,0.313817097415507,0.411988071570576,0,0.200397614314115,0.00165009940357853,0,0.00408,0.01801,0.00041,0,0,0,0.00087
254.2,411,8.3,16.6,6.7,31.65,28.65,0.81,0.39,16,113,316,0.0546719681908549,0.313817097415507,0.411988071570576,0,0.200397614314115,0.00165009940357853,0,0.00408,0.01801,0.00041,0,0,0,0.00087
253.4,413,8.6,17.2,6.5,31.43,29.5,0.81,0.41,16,110,316,0.0546719681908549,0.313817097415507,0.411988071570576,0,0.200397614314115,0.00165009940357853,0,0.00408,0.01801,0.00041,0,0,0,0.00087
255.1,414,8.6,17,6.6,31.43,28.98,0.81,0.39,16,97,272,0.0546719681908549,0.313817097415507,0.411988071570576,0,0.200397614314115,0.00165009940357853,0,0.00408,0.01801,0.00041,0,0,0,0.00087
254.9,413,8.3,16.7,6.4,31.7,28.65,0.81,0.41,16,93,281,0.0546719681908549,0.313817097415507,0.411988071570576,0,0.200397614314115,0.00165009940357853,0,0.00408,0.01801,0.00041,0,0,0,0.00087
251,413,8,17.7,7.1,31.39,29.98,0.81,0.32,16,113,274,0.0546719681908549,0.313817097415507,0.411988071570576,0,0.200397614314115,0.00165009940357853,0,0.00408,0.01801,0.00041,0,0,0,0.00087
252.7,414,8.6,17.4,7.4,31.45,28.96,0.81,0.36,16,99,282,0.0546719681908549,0.313817097415507,0.411988071570576,0,0.200397614314115,0.00165009940357853,0,0.00408,0.01801,0.00041,0,0,0,0.00087
249.3,403,7.7,18.1,7,31.71,30.67,0.81,0.38,16,106,271,0.0546719681908549,0.313817097415507,0.411988071570576,0,0.200397614314115,0.00165009940357853,0,0.00408,0.01801,0.00041,0,0,0,0.00087
253.1,410,8.2,17.9,7.2,31.43,29.65,0.81,0.39,16,98,285,0.0546719681908549,0.313817097415507,0.411988071570576,0,0.200397614314115,0.00165009940357853,0,0.00408,0.01801,0.00041,0,0,0,0.00087
253.1,412,8.7,17.9,7.5,31.44,29.56,0.81,0.31,16,117,265,0.0546719681908549,0.313817097415507,0.411988071570576,0,0.200397614314115,0.00165009940357853,0,0.00408,0.01801,0.00041,0,0,0,0.00087
255.2,414,8.7,17.8,7.4,31.45,29.32,0.81,0.36,16,101,275,0.0546719681908549,0.313817097415507,0.411988071570576,0,0.200397614314115,0.00165009940357853,0,0.00408,0.01801,0.00041,0,0,0,0.00087
254.3,419,8.4,17.5,7.3,31.73,29.56,0.81,0.34,16,100,279,0.0546719681908549,0.313817097415507,0.411988071570576,0,0.200397614314115,0.00165009940357853,0,0.00408,0.01801,0.00041,0,0,0,0.00087
255.6,417,8.2,17.6,7.3,31.58,29.85,0.81,0.36,16,103,285,0.0546719681908549,0.313817097415507,0.411988071570576,0,0.200397614314115,0.00165009940357853,0,0.00408,0.01801,0.00041,0,0,0,0.00087
248.4,411,8.4,16.3,5.9,31.62,28.04,0.69,0.3,16,104,247,0.043374149659864,0.248925170068027,0.416979591836735,0,0.191020408163265,0.00206802721088435,0,0.00425,0.01946,0.00042,0,0,0,0.0009
248.7,410,8.6,16.2,5.9,31.82,28.22,0.69,0.33,16,108,258,0.043374149659864,0.248925170068027,0.416979591836735,0,0.191020408163265,0.00206802721088435,0,0.00425,0.01946,0.00042,0,0,0,0.0009
250,420,8.9,16.5,5.7,31.56,28.98,0.69,0.31,16,106,265,0.043374149659864,0.248925170068027,0.416979591836735,0,0.191020408163265,0.00206802721088435,0,0.00425,0.01946,0.00042,0,0,0,0.0009
249.6,413,8.7,17.9,6.1,32.12,30.55,0.69,0.33,16,108,275,0.043374149659864,0.248925170068027,0.416979591836735,0,0.191020408163265,0.00206802721088435,0,0.00425,0.01946,0.00042,0,0,0,0.0009
250.8,411,8.4,18,6,32.62,30.64,0.69,0.32,16,108,271,0.043374149659864,0.248925170068027,0.416979591836735,0,0.191020408163265,0.00206802721088435,0,0.00425,0.01946,0.00042,0,0,0,0.0009
250.3,411,8.7,17.9,6.1,32.48,30.15,0.69,0.31,16,112,279,0.043374149659864,0.248925170068027,0.416979591836735,0,0.191020408163265,0.00206802721088435,0,0.00425,0.01946,0.00042,0,0,0,0.0009
250.4,414,8.5,17.7,6.1,31.67,30.18,0.69,0.33,16,129,277,0.043374149659864,0.248925170068027,0.416979591836735,0,0.191020408163265,0.00206802721088435,0,0.00425,0.01946,0.00042,0,0,0,0.0009
250,415,8.5,17.9,6.3,32.5,30.41,0.69,0.32,16,118,285,0.043374149659864,0.248925170068027,0.416979591836735,0,0.191020408163265,0.00206802721088435,0,0.00425,0.01946,0.00042,0,0,0,0.0009
250,416,8.7,18.1,6.4,32.4,30.29,0.69,0.31,16,113,289,0.043374149659864,0.248925170068027,0.416979591836735,0,0.191020408163265,0.00206802721088435,0,0.00425,0.01946,0.00042,0,0,0,0.0009
251.4,419,8.7,17.6,6.1,32.47,30.51,0.69,0.32,16,122,281,0.043374149659864,0.248925170068027,0.416979591836735,0,0.191020408163265,0.00206802721088435,0,0.00425,0.01946,0.00042,0,0,0,0.0009
252.8,412,8.8,16.4,6.1,32.03,31.39,0.69,0.32,16,106,295,0.043374149659864,0.248925170068027,0.416979591836735,0,0.191020408163265,0.00206802721088435,0,0.00425,0.01946,0.00042,0,0,0,0.0009
250.2,413,8.4,16.5,6.1,32.16,31.25,0.69,0.33,16,114,291,0.043374149659864,0.248925170068027,0.416979591836735,0,0.191020408163265,0.00206802721088435,0,0.00425,0.01946,0.00042,0,0,0,0.0009
252.2,416,8.9,16.8,5.9,32.2,31.15,0.69,0.32,16,116,294,0.043374149659864,0.248925170068027,0.416979591836735,0,0.191020408163265,0.00206802721088435,0,0.00425,0.01946,0.00042,0,0,0,0.0009
251,417,8.7,17.1,6.2,32.39,31.23,0.69,0.32,16,113,299,0.043374149659864,0.248925170068027,0.416979591836735,0,0.191020408163265,0.00206802721088435,0,0.00425,0.01946,0.00042,0,0,0,0.0009
248.7,418,8.2,16.4,5.9,31.52,31.53,0.69,0.29,16,119,324,0.043374149659864,0.248925170068027,0.416979591836735,0,0.191020408163265,0.00206802721088435,0,0.00425,0.01946,0.00042,0,0,0,0.0009
249,417,8.1,16.2,5.9,31.45,31.46,0.69,0.32,16,117,320,0.043374149659864,0.248925170068027,0.416979591836735,0,0.191020408163265,0.00206802721088435,0,0.00425,0.01946,0.00042,0,0,0,0.0009
249.8,418,8.5,16,6.1,31.66,30.92,0.69,0.29,16,105,291,0.043374149659864,0.248925170068027,0.416979591836735,0,0.191020408163265,0.00206802721088435,0,0.00425,0.01946,0.00042,0,0,0,0.0009
249.1,415,8.1,16.3,6.1,31.4,30.42,0.69,0.32,16,112,282,0.043374149659864,0.248925170068027,0.416979591836735,0,0.191020408163265,0.00206802721088435,0,0.00425,0.01946,0.00042,0,0,0,0.0009
247.9,415,8.1,16.4,6,31.44,30.07,0.69,0.34,16,114,266,0.043374149659864,0.248925170068027,0.416979591836735,0,0.191020408163265,0.00206802721088435,0,0.00425,0.01946,0.00042,0,0,0,0.0009
248.4,413,8.2,16.2,6,31.38,30.1,0.69,0.32,16,114,269,0.043374149659864,0.248925170068027,0.416979591836735,0,0.191020408163265,0.00206802721088435,0,0.00425,0.01946,0.00042,0,0,0,0.0009
251.8,411,8.5,16.4,5.8,31.82,30.23,0.69,0.34,16,111,274,0.043374149659864,0.248925170068027,0.416979591836735,0,0.191020408163265,0.00206802721088435,0,0.00425,0.01946,0.00042,0,0,0,0.0009
251,415,8.8,16.3,5.9,31.39,30,0.69,0.33,16,112,279,0.043374149659864,0.248925170068027,0.416979591836735,0,0.191020408163265,0.00206802721088435,0,0.00425,0.01946,0.00042,0,0,0,0.0009
251.6,416,8.9,16.3,6.1,31.67,29.6,0.69,0.31,16,117,290,0.043374149659864,0.248925170068027,0.416979591836735,0,0.191020408163265,0.00206802721088435,0,0.00425,0.01946,0.00042,0,0,0,0.0009
254.4,416,9,16.2,5.8,31.55,29.64,0.69,0.23,16,119,285,0.043374149659864,0.248925170068027,0.416979591836735,0,0.191020408163265,0.00206802721088435,0,0.00425,0.01946,0.00042,0,0,0,0.0009
255.4,420,8.7,16.3,5.8,31.56,29.78,0.69,0.16,16,121,276,0.043374149659864,0.248925170068027,0.416979591836735,0,0.191020408163265,0.00206802721088435,0,0.00425,0.01946,0.00042,0,0,0,0.0009
255.2,416,8.8,16.3,5.9,31.35,29.35,0.69,0.15,16,119,281,0.043374149659864,0.248925170068027,0.416979591836735,0,0.191020408163265,0.00206802721088435,0,0.00425,0.01946,0.00042,0,0,0,0.0009
253.9,419,8.8,16.2,6,31.59,29.49,0.69,0.33,16,115,264,0.043374149659864,0.248925170068027,0.416979591836735,0,0.191020408163265,0.00206802721088435,0,0.00425,0.01946,0.00042,0,0,0,0.0009
254.3,419,8.8,16.2,6,31.37,29.45,0.69,0.33,16,114,269,0.043374149659864,0.248925170068027,0.416979591836735,0,0.191020408163265,0.00206802721088435,0,0.00425,0.01946,0.00042,0,0,0,0.0009
253.8,415,8.6,16.3,6.1,31.6,29.32,0.69,0.35,16,104,276,0.043374149659864,0.248925170068027,0.416979591836735,0,0.191020408163265,0.00206802721088435,0,0.00425,0.01946,0.00042,0,0,0,0.0009
253.8,419,8.8,16.7,6.8,31.12,28.86,0.69,0.33,16,130,309,0.043374149659864,0.248925170068027,0.416979591836735,0,0.191020408163265,0.00206802721088435,0,0.00425,0.01946,0.00042,0,0,0,0.0009
254.3,412,8.7,16.3,6.8,31.43,28.68,0.69,0.35,16,114,312,0.043374149659864,0.248925170068027,0.416979591836735,0,0.191020408163265,0.00206802721088435,0,0.00425,0.01946,0.00042,0,0,0,0.0009
251.4,413,8.9,16.6,6.6,31.61,30.23,0.69,0.42,16,132,310,0.043374149659864,0.248925170068027,0.416979591836735,0,0.191020408163265,0.00206802721088435,0,0.00425,0.01946,0.00042,0,0,0,0.0009
251.7,417,8.8,16.8,6.8,31.65,31.54,0.69,0.44,16,129,302,0.043374149659864,0.248925170068027,0.416979591836735,0,0.191020408163265,0.00206802721088435,0,0.00425,0.01946,0.00042,0,0,0,0.0009
247.7,421,8.7,16.4,6.7,31.57,31.22,0.69,0.45,16,127,273,0.043374149659864,0.248925170068027,0.416979591836735,0,0.191020408163265,0.00206802721088435,0,0.00425,0.01946,0.00042,0,0,0,0.0009
253.4,421,9,16.9,6.8,31.31,31.65,0.69,0.43,16,130,272,0.043374149659864,0.248925170068027,0.416979591836735,0,0.191020408163265,0.00206802721088435,0,0.00425,0.01946,0.00042,0,0,0,0.0009
253.6,418,8.8,17,6.9,31.4,31.25,0.69,0.41,16,127,282,0.043374149659864,0.248925170068027,0.416979591836735,0,0.191020408163265,0.00206802721088435,0,0.00425,0.01946,0.00042,0,0,0,0.0009
253.3,422,8.9,17,6.8,31.36,31.1,0.69,0.43,16,123,289,0.043374149659864,0.248925170068027,0.416979591836735,0,0.191020408163265,0.00206802721088435,0,0.00425,0.01946,0.00042,0,0,0,0.0009
250.6,417,8.8,17.1,6.4,31.35,31.4,0.69,0.41,16,115,292,0.043374149659864,0.248925170068027,0.416979591836735,0,0.191020408163265,0.00206802721088435,0,0.00425,0.01946,0.00042,0,0,0,0.0009
250.9,414,8.9,16.5,6.6,31.62,31.4,0.69,0.41,16,120,235,0.043374149659864,0.248925170068027,0.416979591836735,0,0.191020408163265,0.00206802721088435,0,0.00425,0.01946,0.00042,0,0,0,0.0009
248.6,408,8.3,16.7,6.8,31.47,29.56,0.69,0.42,16,116,280,0.043374149659864,0.248925170068027,0.416979591836735,0,0.191020408163265,0.00206802721088435,0,0.00425,0.01946,0.00042,0,0,0,0.0009
251.3,410,8.6,16.4,6.5,31.63,28.96,0.69,0.45,16,122,292,0.043374149659864,0.248925170068027,0.416979591836735,0,0.191020408163265,0.00206802721088435,0,0.00425,0.01946,0.00042,0,0,0,0.0009
251,410,8.8,16.4,6.6,31.93,28.9,0.69,0.42,16,125,299,0.043374149659864,0.248925170068027,0.416979591836735,0,0.191020408163265,0.00206802721088435,0,0.00425,0.01946,0.00042,0,0,0,0.0009
250.6,402,8.1,16.6,5.8,31.2,29.77,0.45,0.36,16,118,311,0.0431960575146115,0.223312348813799,0.334269873942636,0.214853433898763,0.178493622008204,0.0514296016947879,0.0514296016947879,0.00317,0.01961,0.00038,0,0,0,0.0012
253.6,402,8,16.5,5.6,31.43,29.56,0.45,0.37,16,117,321,0.0431960575146115,0.223312348813799,0.334269873942636,0.214853433898763,0.178493622008204,0.0514296016947879,0.0514296016947879,0.00317,0.01961,0.00038,0,0,0,0.0012
257,404,8.1,16.1,5.6,31.5,29.66,0.45,0.41,16,133,269,0.0431960575146115,0.223312348813799,0.334269873942636,0.214853433898763,0.178493622008204,0.0514296016947879,0.0514296016947879,0.00317,0.01961,0.00038,0,0,0,0.0012
255,405,8.5,15.8,5.7,31.38,30.65,0.45,0.4,16,126,289,0.0431960575146115,0.223312348813799,0.334269873942636,0.214853433898763,0.178493622008204,0.0514296016947879,0.0514296016947879,0.00317,0.01961,0.00038,0,0,0,0.0012
255.3,401,8.5,15.9,5.6,31.17,30.41,0.46,0.41,16,120,312,0.0431960575146115,0.223312348813799,0.334269873942636,0.214853433898763,0.178493622008204,0.0514296016947879,0.0514296016947879,0.00317,0.01961,0.00038,0,0,0,0.0012
251.3,403,7.6,17.3,6.7,31.39,29.86,0.46,0.31,16,116,275,0.0431960575146115,0.223312348813799,0.334269873942636,0.214853433898763,0.178493622008204,0.0514296016947879,0.0514296016947879,0.00317,0.01961,0.00038,0,0,0,0.0012
255.4,402,7.7,17.3,6.5,31.88,28.98,0.46,0.33,16,110,282,0.0431960575146115,0.223312348813799,0.334269873942636,0.214853433898763,0.178493622008204,0.0514296016947879,0.0514296016947879,0.00317,0.01961,0.00038,0,0,0,0.0012
254.3,400,8.3,17.8,6.7,31.65,30.65,0.46,0.43,16,132,276,0.0431960575146115,0.223312348813799,0.334269873942636,0.214853433898763,0.178493622008204,0.0514296016947879,0.0514296016947879,0.00317,0.01961,0.00038,0,0,0,0.0012
254.4,408,8.4,18,6.7,31.77,30.89,0.46,0.41,16,123,285,0.0431960575146115,0.223312348813799,0.334269873942636,0.214853433898763,0.178493622008204,0.0514296016947879,0.0514296016947879,0.00317,0.01961,0.00038,0,0,0,0.0012
259.4,408,8.4,17.7,6.6,31.9,28.79,0.46,0.4,16,109,280,0.0431960575146115,0.223312348813799,0.334269873942636,0.214853433898763,0.178493622008204,0.0514296016947879,0.0514296016947879,0.00317,0.01961,0.00038,0,0,0,0.0012
255.6,409,8.1,17.9,6.6,31.83,29.2,0.46,0.39,16,117,289,0.0431960575146115,0.223312348813799,0.334269873942636,0.214853433898763,0.178493622008204,0.0514296016947879,0.0514296016947879,0.00317,0.01961,0.00038,0,0,0,0.0012
256.2,411,8.6,17.3,6.7,31.79,28.96,0.46,0.42,16,115,289,0.0431960575146115,0.223312348813799,0.334269873942636,0.214853433898763,0.178493622008204,0.0514296016947879,0.0514296016947879,0.00317,0.01961,0.00038,0,0,0,0.0012
256.3,408,8.7,17.5,6.8,31.73,28.65,0.46,0.45,16,111,275,0.0431960575146115,0.223312348813799,0.334269873942636,0.214853433898763,0.178493622008204,0.0514296016947879,0.0514296016947879,0.00317,0.01961,0.00038,0,0,0,0.0012
258.2,410,8.6,17.6,6.7,31.73,29.5,0.46,0.4,16,110,260,0.0431960575146115,0.223312348813799,0.334269873942636,0.214853433898763,0.178493622008204,0.0514296016947879,0.0514296016947879,0.00317,0.01961,0.00038,0,0,0,0.0012
257.6,412,8.8,17.9,6.7,31.62,28.9,0.46,0.42,16,125,275,0.0431960575146115,0.223312348813799,0.334269873942636,0.214853433898763,0.178493622008204,0.0514296016947879,0.0514296016947879,0.00317,0.01961,0.00038,0,0,0,0.0012
262.4,403,8.8,17.5,6.6,31.62,30.61,0.46,0.41,16,128,304,0.0431960575146115,0.223312348813799,0.334269873942636,0.214853433898763,0.178493622008204,0.0514296016947879,0.0514296016947879,0.00317,0.01961,0.00038,0,0,0,0.0012
257.1,409,8.7,17.5,6.7,31.46,30.25,0.46,0.42,16,110,293,0.0431960575146115,0.223312348813799,0.334269873942636,0.214853433898763,0.178493622008204,0.0514296016947879,0.0514296016947879,0.00317,0.01961,0.00038,0,0,0,0.0012
251.1,406,8.2,17.2,6.2,31.05,29.3,0.46,0.37,16,146,299,0.0431960575146115,0.223312348813799,0.334269873942636,0.214853433898763,0.178493622008204,0.0514296016947879,0.0514296016947879,0.00317,0.01961,0.00038,0,0,0,0.0012
253.7,410,8.3,17.2,6.2,31.66,28.96,0.46,0.35,16,144,281,0.0431960575146115,0.223312348813799,0.334269873942636,0.214853433898763,0.178493622008204,0.0514296016947879,0.0514296016947879,0.00317,0.01961,0.00038,0,0,0,0.0012
253.1,408,8.2,17,6.3,31.75,28.78,0.46,0.36,16,120,276,0.0431960575146115,0.223312348813799,0.334269873942636,0.214853433898763,0.178493622008204,0.0514296016947879,0.0514296016947879,0.00317,0.01961,0.00038,0,0,0,0.0012
259.9,425,8.7,18.2,5.9,31.72,30.57,0.46,0.37,16,136,300,0.042975,0.2146125,0,0.21625,0.162,0,0.3229,0.00317,0.02535,0.00038,0,0,0,0.0012
257.8,419,8.5,18.4,6.1,31.74,30.74,0.46,0.34,16,144,312,0.042975,0.2146125,0,0.21625,0.162,0,0.3229,0.00317,0.02535,0.00038,0,0,0,0.0012
262.4,416,8.5,18.2,5.8,31.78,30.22,0.46,0.36,16,137,319,0.042975,0.2146125,0,0.21625,0.162,0,0.3229,0.00317,0.02535,0.00038,0,0,0,0.0012
256.4,420,8.6,18.2,5.9,31.85,30.41,0.46,0.37,16,131,315,0.042975,0.2146125,0,0.21625,0.162,0,0.3229,0.00317,0.02535,0.00038,0,0,0,0.0012
255.6,423,8.7,18.4,6.2,31.91,30.74,0.46,0.42,16,134,322,0.042975,0.2146125,0,0.21625,0.162,0,0.3229,0.00317,0.02535,0.00038,0,0,0,0.0012
255.4,406,8.5,17.4,5.5,31.79,29.11,0.46,0.4,16,132,319,0.042975,0.2146125,0,0.21625,0.162,0,0.3229,0.00317,0.02535,0.00038,0,0,0,0.0012
255.6,408,8.5,17.1,5.9,31.53,30.58,0.46,0.41,16,145,325,0.042975,0.2146125,0,0.21625,0.162,0,0.3229,0.00317,0.02535,0.00038,0,0,0,0.0012
255.3,408,8.8,17,6,31.5,29.89,0.46,0.4,16,154,302,0.042975,0.2146125,0,0.21625,0.162,0,0.3229,0.00317,0.02535,0.00038,0,0,0,0.0012
254.7,405,8.6,17.4,6,31.25,29.46,0.46,0.42,16,140,293,0.042975,0.2146125,0,0.21625,0.162,0,0.3229,0.00317,0.02535,0.00038,0,0,0,0.0012
255.1,406,8.7,17.4,6,31.74,29.39,0.42,0.43,16,135,302,0.042975,0.2146125,0,0.21625,0.162,0,0.3229,0.00317,0.02535,0.00038,0,0,0,0.0012
256.6,423,8.5,17.3,5.9,31.87,29.95,0.42,0.4,16,143,308,0.042975,0.2146125,0,0.21625,0.162,0,0.3229,0.00317,0.02535,0.00038,0,0,0,0.0012
262.1,421,8.9,18.1,6.5,31.26,28.89,0.42,0.42,16,158,328,0.042975,0.2146125,0,0.21625,0.162,0,0.3229,0.00317,0.02535,0.00038,0,0,0,0.0012
259.8,413,8.5,17.9,6.3,31.3,29,0.42,0.4,16,156,333,0.042975,0.2146125,0,0.21625,0.162,0,0.3229,0.00317,0.02535,0.00038,0,0,0,0.0012
257.1,412,8.6,18.2,6.1,31.42,29.05,0.42,0.45,16,157,318,0.042975,0.2146125,0,0.21625,0.162,0,0.3229,0.00317,0.02535,0.00038,0,0,0,0.0012
257.8,411,8.7,18,6.2,31.27,29,0.42,0.45,16,156,321,0.042975,0.2146125,0,0.21625,0.162,0,0.3229,0.00317,0.02535,0.00038,0,0,0,0.0012
260.6,414,8.4,18.4,6.5,32.77,28.9,0.42,0.39,16,146,296,0.042975,0.2146125,0,0.21625,0.162,0,0.3229,0.00317,0.02535,0.00038,0,0,0,0.0012
258.8,418,7.9,18,6.4,32.57,29.21,0.42,0.4,16,139,300,0.042975,0.2146125,0,0.21625,0.162,0,0.3229,0.00317,0.02535,0.00038,0,0,0,0.0012
256.8,421,7.3,18.1,6.3,32.19,29.34,0.42,0.43,16,132,308,0.042975,0.2146125,0,0.21625,0.162,0,0.3229,0.00317,0.02535,0.00038,0,0,0,0.0012
253.7,421,7.8,18,6.3,32.13,29.54,0.42,0.4,16,137,301,0.042975,0.2146125,0,0.21625,0.162,0,0.3229,0.00317,0.02535,0.00038,0,0,0,0.0012
248.7,420,7.7,17.6,5.9,31.66,29.17,0.42,0.44,16,127,293,0.042975,0.2146125,0,0.21625,0.162,0,0.3229,0.00317,0.02535,0.00038,0,0,0,0.0012
250.8,423,8.2,17.5,6,31.32,30.7,0.42,0.37,16,121,269,0.042975,0.2146125,0,0.21625,0.162,0,0.3229,0.00317,0.02535,0.00038,0,0,0,0.0012
251.1,421,8.1,17.7,6.1,31.3,30.5,0.42,0.39,16,119,286,0.042975,0.2146125,0,0.21625,0.162,0,0.3229,0.00317,0.02535,0.00038,0,0,0,0.0012
252.7,415,7.9,19,6.8,31.45,29.38,0.42,0.42,16,139,305,0.042975,0.2146125,0,0.21625,0.162,0,0.3229,0.00317,0.02535,0.00038,0,0,0,0.0012
253,412,8.1,18.5,6.8,31.4,29.32,0.42,0.42,16,146,296,0.042975,0.2146125,0,0.21625,0.162,0,0.3229,0.00317,0.02535,0.00038,0,0,0,0.0012
254.4,418,8.1,18.5,6.7,31.5,28.65,0.42,0.43,16,137,294,0.042975,0.2146125,0,0.21625,0.162,0,0.3229,0.00317,0.02535,0.00038,0,0,0,0.0012
253.9,411,8.3,18,6.7,31.74,28.56,0.42,0.41,16,140,302,0.042975,0.2146125,0,0.21625,0.162,0,0.3229,0.00317,0.02535,0.00038,0,0,0,0.0012
262.1,413,8.6,17.2,6.8,31.76,27.9,0.42,0.41,16,142,299,0.042975,0.2146125,0,0.21625,0.162,0,0.3229,0.00317,0.02535,0.00038,0,0,0,0.0012
259.4,411,8.5,16.7,7,31.57,28.5,0.42,0.4,16,126,286,0.042975,0.2146125,0,0.21625,0.162,0,0.3229,0.00317,0.02535,0.00038,0,0,0,0.0012
260.2,411,8.6,17,6.8,31.76,28.54,0.42,0.44,16,145,310,0.042975,0.2146125,0,0.21625,0.162,0,0.3229,0.00317,0.02535,0.00038,0,0,0,0.0012
257.8,410,8.2,17.7,6.8,31.86,28.6,0.42,0.42,16,129,278,0.042975,0.2146125,0,0.21625,0.162,0,0.3229,0.00317,0.02535,0.00038,0,0,0,0.0012
260.7,410,8.5,17.8,6.9,32.04,28,0.42,0.43,16,134,283,0.042975,0.2146125,0,0.21625,0.162,0,0.3229,0.00317,0.02535,0.00038,0,0,0,0.0012
256.9,411,8.5,18.3,6.4,31.64,28.01,0.42,0.39,16,139,296,0.042975,0.2146125,0,0.21625,0.162,0,0.3229,0.00317,0.02535,0.00038,0,0,0,0.0012
257.4,410,8.6,18.1,6.6,31.86,28.23,0.42,0.41,16,143,289,0.042975,0.2146125,0,0.21625,0.162,0,0.3229,0.00317,0.02535,0.00038,0,0,0,0.0012
251.2,404,7.9,18.4,6.6,31.75,28.03,0.42,0.42,16,156,300,0.042975,0.2146125,0,0.21625,0.162,0,0.3229,0.00317,0.02535,0.00038,0,0,0,0.0012
254.6,413,8.2,17.9,6.8,31.87,28.6,0.42,0.43,16,154,292,0.042975,0.2146125,0,0.21625,0.162,0,0.3229,0.00317,0.02535,0.00038,0,0,0,0.0012
255.4,419,8.6,19.1,7.3,31.37,28.09,0.42,0.42,16,166,334,0.042975,0.2146125,0,0.21625,0.162,0,0.3229,0.00317,0.02535,0.00038,0,0,0,0.0012
255.1,410,8.5,19,7.3,31.72,28.67,0.42,0.43,16,134,312,0.042975,0.2146125,0,0.21625,0.162,0,0.3229,0.00317,0.02535,0.00038,0,0,0,0.0012
250.2,410,8.2,17.3,6.6,31.15,29.1,0.42,0.4,16,158,342,0.042975,0.2146125,0,0.21625,0.162,0,0.3229,0.00317,0.02535,0.00038,0,0,0,0.0012
250.6,414,8.5,17.3,7.1,31.19,29.68,0.42,0.42,16,159,332,0.042975,0.2146125,0,0.21625,0.162,0,0.3229,0.00317,0.02535,0.00038,0,0,0,0.0012
254.7,413,8.9,17.1,6.3,31.06,28.34,0.42,0.37,16,156,318,0.042975,0.2146125,0,0.21625,0.162,0,0.3229,0.00317,0.02535,0.00038,0,0,0,0.0012
253.1,415,8.5,17.4,6.6,31.24,28.68,0.42,0.36,16,161,328,0.042975,0.2146125,0,0.21625,0.162,0,0.3229,0.00317,0.02535,0.00038,0,0,0,0.0012
256.2,416,8.7,17.8,6.5,31.26,28.09,0.42,0.39,16,145,333,0.042975,0.2146125,0,0.21625,0.162,0,0.3229,0.00317,0.02535,0.00038,0,0,0,0.0012
255.6,415,8.5,17.5,6.6,31.48,28.12,0.42,0.4,16,163,336,0.042975,0.2146125,0,0.21625,0.162,0,0.3229,0.00317,0.02535,0.00038,0,0,0,0.0012
254.4,412,8,17.3,6.2,31.25,29.12,0.42,0.41,16,140,323,0.042975,0.2146125,0,0.21625,0.162,0,0.3229,0.00317,0.02535,0.00038,0,0,0,0.0012
254.1,415,8.3,17.2,6.4,31.45,28.98,0.42,0.4,16,164,328,0.042975,0.2146125,0,0.21625,0.162,0,0.3229,0.00317,0.02535,0.00038,0,0,0,0.0012
255.9,412,8.7,17.5,6.3,31.15,28.31,0.42,0.35,16,147,343,0.042975,0.2146125,0,0.21625,0.162,0,0.3229,0.00317,0.02535,0.00038,0,0,0,0.0012
256.1,414,8.6,17.5,6.4,31.19,28.36,0.42,0.36,16,164,323,0.042975,0.2146125,0,0.21625,0.162,0,0.3229,0.00317,0.02535,0.00038,0,0,0,0.0012
251,411,8,17.9,6.6,31.55,28,0.42,0.39,16,150,322,0.042975,0.2146125,0,0.21625,0.162,0,0.3229,0.00317,0.02535,0.00038,0,0,0,0.0012
252.3,409,8,17.6,6.6,31.12,28.02,0.42,0.38,16,162,316,0.042975,0.2146125,0,0.21625,0.162,0,0.3229,0.00317,0.02535,0.00038,0,0,0,0.0012
253,410,8.3,17.4,6.6,31.22,28.06,0.42,0.4,16,166,318,0.042975,0.2146125,0,0.21625,0.162,0,0.3229,0.00317,0.02535,0.00038,0,0,0,0.0012
255.3,410,8.5,16,6.2,32.22,31.15,0.42,0.33,16,134,302,0.042975,0.2146125,0,0.21625,0.162,0,0.3229,0.00317,0.02535,0.00038,0,0,0,0.0012
254.8,413,8.5,16.5,6.2,32.39,30.6,0.42,0.32,16,139,305,0.042975,0.2146125,0,0.21625,0.162,0,0.3229,0.00317,0.02535,0.00038,0,0,0,0.0012
258.4,411,8.5,17,5.9,32.25,29.1,0.42,0.38,16,132,332,0.042975,0.2146125,0,0.21625,0.162,0,0.3229,0.00317,0.02535,0.00038,0,0,0,0.0012
257.9,411,8.2,16.8,6,32.6,29.4,0.42,0.39,16,133,321,0.042975,0.2146125,0,0.21625,0.162,0,0.3229,0.00317,0.02535,0.00038,0,0,0,0.0012
252.7,406,8.7,17.3,5.8,32.51,31.67,0.41,0.31,16,141,308,0.253333333333333,0.2132,0.413773333333333,0.0973333333333333,0.24,0.064,0.064,0.00477,0.01227,0.00048,0,0,0,0.00087
253.2,407,8.7,16.8,5.6,32.4,31.56,0.41,0.33,16,145,303,0.253333333333333,0.2132,0.413773333333333,0.0973333333333333,0.24,0.064,0.064,0.00477,0.01227,0.00048,0,0,0,0.00087
252.8,405,8.8,16.2,5.5,32.54,31.24,0.41,0.3,16,157,296,0.253333333333333,0.2132,0.413773333333333,0.0973333333333333,0.24,0.064,0.064,0.00477,0.01227,0.00048,0,0,0,0.00087
254,402,8.9,16.2,5.7,32.68,31.12,0.41,0.31,16,154,300,0.253333333333333,0.2132,0.413773333333333,0.0973333333333333,0.24,0.064,0.064,0.00477,0.01227,0.00048,0,0,0,0.00087
253.9,407,8.7,16.1,6,33.16,31.02,0.41,0.33,16,128,300,0.253333333333333,0.2132,0.413773333333333,0.0973333333333333,0.24,0.064,0.064,0.00477,0.01227,0.00048,0,0,0,0.00087
257.2,400,8.9,15.8,5.6,33.07,31.12,0.41,0.33,16,133,306,0.253333333333333,0.2132,0.413773333333333,0.0973333333333333,0.24,0.064,0.064,0.00477,0.01227,0.00048,0,0,0,0.00087
258.1,396,8.4,15.3,5.3,32.2,31.07,0.41,0.33,16,142,321,0.253333333333333,0.2132,0.413773333333333,0.0973333333333333,0.24,0.064,0.064,0.00477,0.01227,0.00048,0,0,0,0.00087
256.9,408,8.6,15.3,5.3,32.13,31.12,0.41,0.32,16,136,318,0.253333333333333,0.2132,0.413773333333333,0.0973333333333333,0.24,0.064,0.064,0.00477,0.01227,0.00048,0,0,0,0.00087
252.1,423,8.7,16.8,5.9,31.8,31.04,0.41,0.31,16,139,339,0.253333333333333,0.2132,0.413773333333333,0.0973333333333333,0.24,0.064,0.064,0.00477,0.01227,0.00048,0,0,0,0.00087
252.2,413,8.8,15.7,5.4,32.17,32,0.41,0.33,16,123,309,0.253333333333333,0.2132,0.413773333333333,0.0973333333333333,0.24,0.064,0.064,0.00477,0.01227,0.00048,0,0,0,0.00087
251.1,412,8.7,15.5,5.2,32.39,32,0.41,0.35,16,103,303,0.253333333333333,0.2132,0.413773333333333,0.0973333333333333,0.24,0.064,0.064,0.00477,0.01227,0.00048,0,0,0,0.00087
252.2,415,8.5,15.5,5.3,32.3,31.89,0.41,0.33,16,116,311,0.253333333333333,0.2132,0.413773333333333,0.0973333333333333,0.24,0.064,0.064,0.00477,0.01227,0.00048,0,0,0,0.00087
256,411,8.8,17,5.9,33.11,30.99,0.41,0.34,16,138,290,0.253333333333333,0.2132,0.413773333333333,0.0973333333333333,0.24,0.064,0.064,0.00477,0.01227,0.00048,0,0,0,0.00087
258.3,404,8.8,17,6.1,31.84,30.56,0.41,0.39,16,146,299,0.0766666666666667,0.250786666666667,0.240586666666667,0.048,0.24,0,0.169333333333333,0.00509,0.01256,0.00048,0,0,0,0.00087
257.7,402,8.8,16.8,6.1,31.62,31.25,0.41,0.41,16,132,288,0.0766666666666667,0.250786666666667,0.240586666666667,0.048,0.24,0,0.169333333333333,0.00509,0.01256,0.00048,0,0,0,0.00087
252.4,419,8.6,18.5,6.6,32.65,34.75,0.41,0.4,16,122,298,0.0766666666666667,0.250786666666667,0.240586666666667,0.048,0.24,0,0.169333333333333,0.00509,0.01256,0.00048,0,0,0,0.00087
253.1,408,8.7,18.5,6.9,32.1,33.9,0.41,0.41,16,125,296,0.0766666666666667,0.250786666666667,0.240586666666667,0.048,0.24,0,0.169333333333333,0.00509,0.01256,0.00048,0,0,0,0.00087
253.7,419,8.8,18,6.5,32.61,32.25,0.41,0.42,16,121,307,0.0766666666666667,0.250786666666667,0.240586666666667,0.048,0.24,0,0.169333333333333,0.00509,0.01256,0.00048,0,0,0,0.00087
255.9,418,8.8,16.8,6.2,31.9,31.56,0.41,0.31,16,121,300,0.0766666666666667,0.250786666666667,0.240586666666667,0.048,0.24,0,0.169333333333333,0.00509,0.01256,0.00048,0,0,0,0.00087
256.4,411,8.9,16.7,6.3,32.01,32.25,0.41,0.34,16,115,298,0.0766666666666667,0.250786666666667,0.240586666666667,0.048,0.24,0,0.169333333333333,0.00509,0.01256,0.00048,0,0,0,0.00087
256.3,406,8.1,16.5,6.1,32.85,33.22,0.41,0.43,16,135,306,0.0766666666666667,0.250786666666667,0.240586666666667,0.048,0.24,0,0.169333333333333,0.00509,0.01256,0.00048,0,0,0,0.00087
254.9,407,8.5,16.4,6.2,32.11,33.2,0.41,0.44,16,134,303,0.0766666666666667,0.250786666666667,0.240586666666667,0.048,0.24,0,0.169333333333333,0.00509,0.01256,0.00048,0,0,0,0.00087
256,407,8.8,16.5,6.2,32.12,32.45,0.41,0.45,16,137,304,0.0766666666666667,0.250786666666667,0.240586666666667,0.048,0.24,0,0.169333333333333,0.00509,0.01256,0.00048,0,0,0,0.00087
252.6,397,8.1,17.6,6.1,32.39,31.86,0.41,0.43,16,141,300,0.0766666666666667,0.250786666666667,0.240586666666667,0.048,0.24,0,0.169333333333333,0.00509,0.01256,0.00048,0,0,0,0.00087
253.4,403,8.3,17.2,6.3,32.53,31.86,0.41,0.42,16,139,303,0.0766666666666667,0.250786666666667,0.240586666666667,0.048,0.24,0,0.169333333333333,0.00509,0.01256,0.00048,0,0,0,0.00087
255.8,396,8.8,17.1,6.1,31.96,33.4,0.41,0.41,16,169,309,0.0766666666666667,0.250786666666667,0.240586666666667,0.048,0.24,0,0.169333333333333,0.00509,0.01256,0.00048,0,0,0,0.00087
256.9,397,8.7,17.3,6.1,31.88,33.8,0.41,0.42,16,165,303,0.0766666666666667,0.250786666666667,0.240586666666667,0.048,0.24,0,0.169333333333333,0.00509,0.01256,0.00048,0,0,0,0.00087
252.7,402,7.9,15.9,5.4,32.28,31.89,0.41,0.44,16,169,320,0.0831366828277628,0.233821026587148,0.463179874429714,0.108694097624462,0.241987385763934,0,0.068648903762818,0.00509,0.01256,0.00048,0,0,0,0.00087
252.1,399,8.1,15.8,5.2,31.79,32.5,0.41,0.41,16,157,309,0.0831366828277628,0.233821026587148,0.463179874429714,0.108694097624462,0.241987385763934,0,0.068648903762818,0.00509,0.01256,0.00048,0,0,0,0.00087
251.4,405,8.1,15.9,5.3,32.5,32.93,0.41,0.39,16,169,325,0.0831366828277628,0.233821026587148,0.463179874429714,0.108694097624462,0.241987385763934,0,0.068648903762818,0.00509,0.01256,0.00048,0,0,0,0.00087
252.1,405,8.8,15.9,5.1,32.64,33.27,0.41,0.38,16,145,306,0.0831366828277628,0.233821026587148,0.463179874429714,0.108694097624462,0.241987385763934,0,0.068648903762818,0.00509,0.01256,0.00048,0,0,0,0.00087
250.1,406,8.7,15.7,5.2,32.37,32.58,0.41,0.38,16,159,303,0.0831366828277628,0.233821026587148,0.463179874429714,0.108694097624462,0.241987385763934,0,0.068648903762818,0.00509,0.01256,0.00048,0,0,0,0.00087
250.6,407,8.7,15.8,5.2,32.44,31.86,0.41,0.37,16,157,302,0.0831366828277628,0.233821026587148,0.463179874429714,0.108694097624462,0.241987385763934,0,0.068648903762818,0.00509,0.01256,0.00048,0,0,0,0.00087
250.7,406,8.6,15.7,5.2,32.48,31.77,0.41,0.39,16,167,304,0.0831366828277628,0.233821026587148,0.463179874429714,0.108694097624462,0.241987385763934,0,0.068648903762818,0.00509,0.01256,0.00048,0,0,0,0.00087
251.7,405,8.6,15.9,5.2,32.28,31.74,0.41,0.39,16,189,319,0.0831366828277628,0.233821026587148,0.463179874429714,0.108694097624462,0.241987385763934,0,0.068648903762818,0.00509,0.01256,0.00048,0,0,0,0.00087
249.1,404,8.5,15.8,5.2,32.55,31.26,0.41,0.42,16,177,279,0.0831366828277628,0.233821026587148,0.463179874429714,0.108694097624462,0.241987385763934,0,0.068648903762818,0.00509,0.01256,0.00048,0,0,0,0.00087
248,404,8.3,16.7,5.5,33.27,31.5,0.41,0.45,16,163,326,0.0831366828277628,0.233821026587148,0.463179874429714,0.108694097624462,0.241987385763934,0,0.068648903762818,0.00509,0.01256,0.00048,0,0,0,0.00087
254,422,8.4,16,5.4,32.61,32.59,0.41,0.42,16,206,328,0.0831366828277628,0.233821026587148,0.463179874429714,0.108694097624462,0.241987385763934,0,0.068648903762818,0.00509,0.01256,0.00048,0,0,0,0.00087
252.4,413,8.6,15.9,5.3,32.52,32.25,0.41,0.4,16,195,299,0.0831366828277628,0.233821026587148,0.463179874429714,0.108694097624462,0.241987385763934,0,0.068648903762818,0.00509,0.01256,0.00048,0,0,0,0.00087
252.7,418,8.7,16,5.2,32.46,32.17,0.41,0.39,16,201,302,0.0831366828277628,0.233821026587148,0.463179874429714,0.108694097624462,0.241987385763934,0,0.068648903762818,0.00509,0.01256,0.00048,0,0,0,0.00087
253,423,8.9,15.9,5.3,32.84,32.38,0.41,0.34,16,141,304,0.0831366828277628,0.233821026587148,0.463179874429714,0.108694097624462,0.241987385763934,0,0.068648903762818,0.00509,0.01256,0.00048,0,0,0,0.00087
253.6,417,9,16.2,5.5,32.67,32,0.41,0.35,16,156,304,0.0831366828277628,0.233821026587148,0.463179874429714,0.108694097624462,0.241987385763934,0,0.068648903762818,0.00509,0.01256,0.00048,0,0,0,0.00087
253,414,8.7,17.7,5.9,32.83,30.85,0.41,0.33,16,187,307,0.0806052093973442,0.208094994892748,0.426366189989786,0.0536261491317671,0.153217568947906,0.0638406537282942,0.0638406537282942,0.00509,0.01256,0.00048,0,0,0,0.00087
252.9,411,9,17.5,6,32.63,30.66,0.41,0.34,16,180,305,0.0806052093973442,0.208094994892748,0.426366189989786,0.0536261491317671,0.153217568947906,0.0638406537282942,0.0638406537282942,0.00509,0.01256,0.00048,0,0,0,0.00087
250.1,404,8.7,18.2,6.1,31.4,30.91,0.41,0.32,16,191,310,0.0806052093973442,0.208094994892748,0.426366189989786,0.0536261491317671,0.153217568947906,0.0638406537282942,0.0638406537282942,0.00509,0.01256,0.00048,0,0,0,0.00087
251,414,8.9,18,6,31.23,30.99,0.41,0.33,16,187,309,0.0806052093973442,0.208094994892748,0.426366189989786,0.0536261491317671,0.153217568947906,0.0638406537282942,0.0638406537282942,0.00509,0.01256,0.00048,0,0,0,0.00087
252.7,418,8.8,17.8,5.7,32.11,30.92,0.41,0.39,16,186,304,0.0806052093973442,0.208094994892748,0.426366189989786,0.0536261491317671,0.153217568947906,0.0638406537282942,0.0638406537282942,0.00509,0.01256,0.00048,0,0,0,0.00087
253.6,415,8.9,17.7,5.7,32.03,31.56,0.41,0.37,16,181,306,0.0806052093973442,0.208094994892748,0.426366189989786,0.0536261491317671,0.153217568947906,0.0638406537282942,0.0638406537282942,0.00509,0.01256,0.00048,0,0,0,0.00087
256.9,419,8.8,17.8,5.8,32.11,31.89,0.41,0.36,16,175,300,0.0806052093973442,0.208094994892748,0.426366189989786,0.0536261491317671,0.153217568947906,0.0638406537282942,0.0638406537282942,0.00509,0.01256,0.00048,0,0,0,0.00087
255,415,8.7,17.7,5.8,31.99,31.65,0.41,0.35,16,171,308,0.0806052093973442,0.208094994892748,0.426366189989786,0.0536261491317671,0.153217568947906,0.0638406537282942,0.0638406537282942,0.00509,0.01256,0.00048,0,0,0,0.00087
249.3,415,8.1,17.8,5.9,31.71,31.44,0.41,0.36,16,167,312,0.0806052093973442,0.208094994892748,0.426366189989786,0.0536261491317671,0.153217568947906,0.0638406537282942,0.0638406537282942,0.00509,0.01256,0.00048,0,0,0,0.00087
249.2,417,8.5,18.8,5.8,31.79,31.68,0.41,0.35,16,165,317,0.0806052093973442,0.208094994892748,0.426366189989786,0.0536261491317671,0.153217568947906,0.0638406537282942,0.0638406537282942,0.00509,0.01256,0.00048,0,0,0,0.00087
249.4,420,8.2,17.9,5.7,31.74,32,0.41,0.36,16,168,302,0.0806052093973442,0.208094994892748,0.426366189989786,0.0536261491317671,0.153217568947906,0.0638406537282942,0.0638406537282942,0.00509,0.01256,0.00048,0,0,0,0.00087
249.4,416,8.1,17.6,5.7,31.27,31.9,0.41,0.36,16,175,310,0.0806052093973442,0.208094994892748,0.426366189989786,0.0536261491317671,0.153217568947906,0.0638406537282942,0.0638406537282942,0.00509,0.01256,0.00048,0,0,0,0.00087
248.6,419,7.9,17.5,5.7,31.16,31.95,0.41,0.37,16,170,313,0.0806052093973442,0.208094994892748,0.426366189989786,0.0536261491317671,0.153217568947906,0.0638406537282942,0.0638406537282942,0.00509,0.01256,0.00048,0,0,0,0.00087
250.8,416,8.3,17.7,5.7,31.17,31.8,0.41,0.36,16,175,310,0.0806052093973442,0.208094994892748,0.426366189989786,0.0536261491317671,0.153217568947906,0.0638406537282942,0.0638406537282942,0.00509,0.01256,0.00048,0,0,0,0.00087
